clube_id,pontos_num,preco_num,variacao_num,partida_id,mando,nota,FS,PE,A,FT,FD,FF,G,I,PP,RB,FC,GC,CA,CV,SG,DD,DP,GS,vencedor
290.0,44.10000000000001,107.64000000000001,9.640000000000002,179872.0,0,80.0,12,28,0,0,6,3,0,2,0,7,11,0,2,0,5,4,0,0,0
262.0,25.9,119.60000000000001,-12.400000000000002,179872.0,1,71.5,12,42,0,0,4,3,0,4,0,12,14,0,4,0,4,1,0,0,0
266.0,63.7,189.10000000000002,3.1,179873.0,1,90.0,12,41,1,1,8,5,2,1,0,10,15,0,0,0,5,0,0,0,1
316.0,6.8,63.63000000000001,-12.370000000000001,179873.0,0,61.0,14,45,0,0,1,3,0,3,0,11,12,1,2,0,0,5,0,3,-1
263.0,8.4,126.78,-32.21999999999999,179874.0,0,72.5,17,39,0,0,5,3,0,1,0,10,22,0,2,0,0,3,0,3,-1
276.0,91.70000000000002,203.5,26.5,179874.0,1,90.5,22,20,3,0,5,2,3,7,0,14,16,0,1,0,5,2,0,0,1
292.0,25.599999999999998,98.61,-5.389999999999998,179875.0,0,87.5,20,17,1,0,2,5,1,2,0,6,22,0,3,0,0,4,0,1,0
277.0,43.3,173.3,-11.700000000000005,179875.0,1,81.5,21,36,1,2,7,10,1,3,0,13,20,0,1,0,0,1,0,1,0
284.0,16.900000000000002,109.76,-18.24,179876.0,0,80.5,17,27,0,0,5,8,0,2,0,12,15,0,2,0,0,0,0,1,-1
293.0,49.9,109.77,14.770000000000001,179876.0,1,78.5,13,28,1,0,0,3,1,3,0,11,17,0,1,0,6,0,0,0,1
264.0,55.70000000000001,148.97000000000003,7.969999999999998,179877.0,0,77.5,15,31,0,0,3,7,0,4,0,18,14,0,0,0,5,1,0,0,0
282.0,38.10000000000001,129.59,-3.4099999999999997,179877.0,1,72.0,12,19,0,0,3,3,0,1,0,6,16,0,0,0,5,2,0,0,0
283.0,39.5,120.03999999999999,1.040000000000001,179878.0,0,87.5,14,26,2,1,2,8,2,3,0,11,20,0,4,0,0,2,0,1,1
265.0,27.4,76.05,3.049999999999998,179878.0,1,68.0,20,14,0,0,6,4,1,0,0,14,14,0,4,0,0,0,0,2,-1
287.0,15.7,83.84,-11.16,179879.0,0,67.0,15,24,0,0,2,4,0,2,0,13,17,0,3,0,0,2,0,1,-1
285.0,59.80000000000001,151.33,11.33,179879.0,1,83.5,16,22,1,1,3,11,1,0,0,11,17,0,2,0,5,0,0,0,1
288.0,20.799999999999997,65.0,2.000000000000002,179880.0,1,74.5,15,31,0,0,6,4,1,3,0,14,13,0,3,0,0,0,0,2,-1
275.0,33.30000000000001,152.23000000000002,-13.769999999999998,179880.0,0,83.5,11,31,2,0,3,6,2,1,0,7,15,0,5,0,0,4,0,1,1
315.0,40.4,91.17999999999998,11.180000000000001,179881.0,1,78.5,25,32,0,0,4,3,0,1,0,12,27,0,0,0,5,0,0,0,0
294.0,49.50000000000001,107.92,14.920000000000002,179881.0,0,77.0,26,25,0,0,5,6,0,2,0,9,25,0,1,0,7,0,0,0,0
285.0,40.0,136.07999999999998,3.29,179882.0,0,73.5,18,44,2,0,2,5,2,1,0,21,21,0,4,0,0,0,0,2,0
263.0,34.8,115.78999999999999,-8.82,179882.0,1,77.0,21,42,2,0,3,11,2,2,0,11,21,0,2,1,0,2,0,2,0
292.0,31.300000000000004,98.63,-1.87,179883.0,1,78.0,19,33,1,0,3,4,2,0,0,12,29,0,1,0,0,1,0,1,1
315.0,29.799999999999997,90.02000000000002,7.049999999999999,179883.0,0,69.0,28,19,1,0,1,4,1,3,0,11,19,0,1,0,0,1,0,2,-1
264.0,77.3,170.45,16.99,179884.0,1,82.5,12,41,2,1,1,1,2,2,0,22,16,0,2,0,5,1,0,0,1
262.0,17.500000000000004,113.36999999999998,-16.67,179884.0,0,73.0,15,43,0,0,4,4,0,0,0,18,13,0,1,1,0,1,0,2,-1
266.0,60.800000000000004,178.58999999999997,8.68,179885.0,0,81.5,15,47,1,0,5,5,1,3,0,17,11,0,2,0,5,1,0,0,1
275.0,19.299999999999997,113.63000000000001,-10.940000000000001,179885.0,1,77.0,11,50,0,0,1,4,0,2,0,15,15,0,1,0,0,4,0,1,-1
277.0,19.200000000000003,135.57,-14.57,179886.0,0,77.5,11,24,0,0,1,3,0,2,0,4,22,0,4,0,5,2,0,0,0
294.0,59.2,114.51000000000003,15.89,179886.0,1,80.0,22,27,0,2,6,5,0,2,0,14,14,0,3,0,6,0,0,0,0
283.0,21.800000000000004,143.55,-26.319999999999997,179887.0,1,87.0,12,38,0,0,4,4,1,0,0,17,21,0,2,0,0,0,0,1,0
276.0,24.5,167.87000000000003,-9.65,179887.0,0,77.5,19,42,1,0,1,5,1,5,0,13,11,0,1,0,0,0,0,1,0
293.0,38.8,129.49,-0.13999999999999968,179888.0,0,77.5,12,24,2,0,5,2,2,3,0,13,20,0,1,0,0,1,0,2,0
287.0,72.3,96.85,19.02,179888.0,1,76.0,19,15,2,0,4,7,2,4,0,22,12,0,1,0,0,3,0,2,0
284.0,25.6,61.78000000000001,0.3900000000000001,179889.0,1,81.5,23,13,0,0,7,5,2,1,0,5,29,0,2,1,0,3,0,1,1
282.0,20.1,141.05,-15.25,179889.0,0,79.0,27,30,1,0,4,6,1,2,0,7,25,0,3,0,0,2,0,2,-1
265.0,78.80000000000001,111.85999999999999,24.330000000000002,179890.0,0,82.0,20,30,2,1,5,4,2,2,0,15,20,0,2,0,6,0,0,0,1
316.0,6.899999999999999,45.89,-6.290000000000001,179890.0,1,44.5,16,39,0,0,2,4,0,2,0,14,20,0,3,0,0,1,0,2,-1
290.0,48.7,116.8,11.719999999999997,179891.0,1,81.0,18,19,1,0,2,4,1,4,0,3,13,0,0,0,5,2,0,0,1
288.0,13.399999999999999,63.06,-5.000000000000001,179891.0,0,77.5,13,28,0,0,5,2,0,3,0,12,18,0,1,0,0,1,0,1,-1
263.0,38.4,67.11,2.6299999999999994,179892.0,1,73.5,12,19,1,0,6,3,2,1,0,10,9,0,1,1,0,4,0,4,-1
276.0,60.599999999999994,137.86,3.31,179892.0,0,93.0,9,30,3,0,4,2,4,7,0,11,13,0,2,0,0,4,0,2,1
275.0,42.699999999999996,116.24000000000001,3.87,179893.0,0,71.0,22,31,2,0,4,5,2,0,0,15,20,0,3,0,0,2,0,4,-1
262.0,61.6,116.57,11.23,179893.0,1,74.0,16,22,3,0,3,4,4,4,0,17,23,0,2,0,0,0,0,2,1
287.0,29.3,96.60000000000001,-6.2,179894.0,0,75.5,14,31,1,0,3,3,2,6,0,5,10,0,1,0,0,3,0,1,1
266.0,19.4,174.87,-12.900000000000002,179894.0,1,67.0,11,40,0,1,7,4,1,2,0,8,16,0,1,0,0,2,0,2,-1
292.0,42.0,99.87999999999998,3.24,179895.0,1,90.5,10,37,3,0,3,5,3,4,0,13,23,0,5,0,0,2,0,1,1
277.0,37.0,144.51000000000002,-3.06,179895.0,0,78.0,21,43,1,0,3,2,1,3,0,20,11,0,1,0,0,1,0,3,-1
294.0,30.2,104.72,0.49,179896.0,0,77.5,10,29,1,0,4,3,2,2,0,14,24,0,3,0,0,2,0,2,0
276.0,40.1,179.25,-4.050000000000001,179896.0,1,78.5,24,37,1,1,2,8,2,4,0,13,12,0,3,0,0,1,0,2,0
277.0,36.400000000000006,147.04,-2.0799999999999996,179897.0,1,70.0,12,37,0,0,1,10,0,1,0,10,12,0,1,0,5,0,0,0,0
284.0,45.10000000000001,122.45,-5.82,179897.0,0,72.0,14,29,0,0,2,6,0,1,0,13,14,0,1,0,5,1,0,0,0
293.0,13.399999999999999,101.28,-6.200000000000001,179898.0,1,79.5,11,20,1,0,1,1,2,2,0,6,14,0,3,1,0,2,0,3,-1
283.0,48.2,132.73000000000002,1.1299999999999997,179898.0,0,85.5,14,34,2,0,6,5,3,0,0,12,11,0,3,0,0,1,0,2,1
264.0,61.3,158.98999999999998,4.470000000000001,179899.0,1,80.5,11,27,0,1,0,4,1,7,0,23,10,0,3,0,5,0,0,0,1
282.0,21.7,101.35,-4.23,179899.0,0,74.5,9,38,0,0,1,4,0,2,0,19,11,0,1,0,0,1,0,1,-1
275.0,53.4,86.01,6.709999999999999,179900.0,1,83.0,17,28,1,0,2,4,1,1,0,10,18,0,4,0,6,2,0,0,1
288.0,6.4,79.33000000000001,-3.0800000000000005,179900.0,0,77.5,18,49,0,0,4,3,0,1,0,10,17,0,3,0,0,2,0,1,-1
290.0,61.00000000000001,121.64,10.310000000000004,179901.0,0,81.5,19,14,0,0,5,3,1,1,0,13,14,0,1,0,5,1,0,0,1
282.0,27.9,120.49000000000001,-6.77,179901.0,1,83.5,13,51,0,2,4,6,0,1,0,20,18,0,2,0,0,1,0,1,-1
294.0,70.69999999999999,88.92999999999999,8.68,179902.0,1,91.5,15,33,1,0,8,4,3,1,0,14,20,0,3,0,4,2,0,0,1
315.0,13.699999999999998,78.02999999999999,-4.339999999999999,179902.0,0,76.0,20,31,0,0,2,6,0,0,0,9,15,0,2,0,0,3,0,3,-1
263.0,11.5,114.72000000000001,-11.8,179903.0,0,71.5,10,35,0,1,6,2,0,2,0,18,27,0,4,0,0,0,0,1,-1
265.0,68.8,117.69000000000001,13.61,179903.0,1,79.5,25,17,1,0,2,3,1,5,0,19,11,0,4,0,5,1,0,0,1
292.0,43.8,96.32,5.509999999999999,179904.0,0,80.5,21,35,1,0,2,4,1,0,0,20,18,0,2,0,0,3,0,2,-1
285.0,38.599999999999994,145.09,-1.5300000000000002,179904.0,1,79.0,18,45,2,0,5,2,2,0,0,16,21,0,2,0,0,0,0,1,1
283.0,45.2,156.62,-3.6899999999999995,179905.0,1,87.0,13,16,1,3,11,11,2,0,0,4,19,0,1,0,0,0,0,1,1
265.0,24.7,77.55,-4.04,179905.0,0,77.5,18,12,1,0,1,3,1,0,0,11,13,0,2,2,0,3,0,2,-1
316.0,4.700000000000001,50.949999999999996,-0.3400000000000003,179906.0,0,64.5,17,23,0,0,2,4,0,0,0,9,22,0,4,1,0,3,0,1,-1
288.0,67.30000000000001,84.75999999999999,15.640000000000002,179906.0,1,80.0,22,30,1,0,5,6,1,3,0,18,18,0,1,0,5,0,0,0,1
285.0,-0.2999999999999999,113.52,-5.069999999999999,179907.0,0,74.0,10,27,0,0,4,6,0,0,0,3,15,0,1,0,0,1,0,2,-1
287.0,59.6,81.11999999999999,5.959999999999999,179907.0,1,79.0,15,37,1,0,2,4,2,4,0,7,13,0,1,0,6,2,0,0,1
264.0,51.4,170.00000000000003,1.8100000000000003,179908.0,0,76.5,19,28,0,0,2,4,1,3,0,15,17,0,3,0,5,1,0,0,1
315.0,8.3,78.74000000000001,-6.17,179908.0,1,75.0,16,25,0,0,1,6,0,3,0,13,20,0,3,0,0,0,0,1,-1
263.0,108.80000000000001,131.85,28.15,179909.0,1,93.5,13,38,4,2,2,4,6,2,0,7,20,0,1,0,7,0,0,0,1
288.0,-9.3,71.81,-15.209999999999999,179909.0,0,70.0,20,26,0,0,2,9,0,3,0,6,13,0,5,0,0,0,0,6,-1
293.0,11.6,88.06,-1.0400000000000003,179910.0,0,78.0,9,34,0,0,2,5,0,0,0,14,14,0,3,0,0,1,0,1,-1
284.0,42.5,130.11,0.3400000000000001,179910.0,1,78.5,14,34,1,0,4,4,1,0,0,7,10,0,2,0,4,1,0,0,1
262.0,1.7999999999999996,118.18,-13.14,179911.0,0,67.0,17,39,0,0,2,5,0,5,0,10,12,0,4,0,0,1,0,2,-1
266.0,67.80000000000001,193.29000000000002,10.42,179911.0,1,89.0,10,38,2,0,2,2,2,4,0,19,19,0,2,0,5,1,0,0,1
266.0,20.1,124.77,-6.479999999999999,179912.0,0,78.5,11,33,0,3,3,7,1,1,0,8,8,0,2,1,0,0,0,1,0
316.0,-3.219646771412954e-15,47.76,-6.3999999999999995,179912.0,1,81.5,8,33,1,0,2,3,1,1,0,4,13,0,2,1,0,0,0,1,0
264.0,23.9,165.94,-5.11,179913.0,0,78.5,12,16,1,0,4,1,1,1,0,10,11,0,2,0,0,0,0,1,0
276.0,25.999999999999996,164.46,-2.91,179913.0,1,79.5,11,31,1,0,1,3,1,3,0,16,14,0,3,0,0,1,0,1,0
262.0,28.899999999999995,107.10999999999999,-0.2799999999999999,179914.0,0,76.0,12,32,0,0,5,6,0,3,0,14,12,0,0,0,0,3,0,1,-1
290.0,60.6,90.57,4.319999999999999,179914.0,1,81.5,12,35,1,0,5,4,1,1,0,9,13,0,0,0,6,2,0,0,1
290.0,2.6000000000000005,106.71,-10.67,179915.0,0,75.0,23,43,0,0,0,4,0,0,0,11,15,0,3,0,0,0,0,2,-1
275.0,42.800000000000004,95.64,4.789999999999998,179915.0,1,78.5,15,43,2,0,0,3,2,0,0,13,24,0,5,0,4,0,0,0,1
262.0,51.6,119.82,3.0,179916.0,1,88.5,13,27,1,0,6,6,1,5,1,15,21,0,2,0,5,0,0,0,1
264.0,30.199999999999996,155.82000000000002,-4.46,179916.0,0,76.5,19,37,0,0,2,2,0,0,0,17,13,0,1,0,0,1,1,1,-1
292.0,48.3,97.68,6.66,179917.0,0,85.0,12,45,0,0,2,5,1,0,0,14,19,0,1,0,6,0,0,0,1
294.0,27.099999999999998,117.71,-2.45,179917.0,1,81.0,17,39,0,1,1,10,0,4,0,19,13,0,3,0,0,1,0,1,-1
282.0,39.9,109.75,2.3000000000000007,179918.0,1,83.0,19,42,0,0,3,7,2,0,0,18,17,0,5,0,0,3,0,1,1
283.0,11.800000000000002,98.77000000000001,-6.909999999999999,179918.0,0,84.0,17,26,0,0,3,4,1,2,0,14,21,0,2,2,0,1,0,2,-1
275.0,-5.2,66.24,-9.8,179919.0,0,67.5,10,26,0,0,3,6,0,2,0,7,19,0,4,0,0,1,0,3,-1
266.0,57.5,145.95000000000005,5.279999999999999,179919.0,1,92.0,17,14,1,0,2,0,3,2,0,6,12,0,1,0,3,2,0,0,1
265.0,13.600000000000001,91.96999999999998,-5.9,179920.0,1,79.5,22,32,0,0,3,6,1,0,0,10,20,0,3,1,0,1,0,1,0
287.0,32.3,102.67999999999999,1.1300000000000001,179920.0,0,87.0,20,15,1,0,4,4,1,1,0,15,22,0,3,1,0,2,0,1,0
283.0,27.6,165.26,-7.2700000000000005,179921.0,0,78.0,13,21,0,0,3,7,0,0,0,15,20,0,2,0,0,4,0,2,-1
276.0,85.8,131.88,6.8100000000000005,179921.0,1,78.0,20,38,0,0,5,4,2,1,0,27,14,0,3,0,5,2,0,0,1
293.0,16.400000000000002,97.22999999999999,-2.64,179922.0,0,80.0,9,42,0,0,2,3,1,2,0,7,15,0,1,0,0,5,0,2,-1
285.0,39.1,155.74,0.4700000000000001,179922.0,1,89.5,15,30,2,0,9,6,2,8,0,7,9,0,3,0,0,2,0,1,1
277.0,59.8,133.5,8.719999999999999,179923.0,0,78.0,12,22,2,0,2,6,2,0,0,6,14,0,0,1,6,0,0,0,1
316.0,-9.299999999999997,55.260000000000005,-7.140000000000001,179923.0,1,71.0,14,32,0,0,1,0,0,1,0,4,12,0,1,1,0,1,0,2,-1
277.0,34.0,145.31,-1.1100000000000003,179924.0,1,84.5,17,30,2,0,0,3,2,4,0,17,21,0,4,0,0,0,0,1,1
294.0,25.5,85.17,-6.52,179924.0,0,77.0,22,25,1,0,1,5,1,3,0,15,19,0,3,0,0,0,0,2,-1
315.0,40.6,85.48,6.92,179925.0,1,79.5,18,20,0,1,6,6,1,1,0,12,10,0,2,0,0,3,0,2,-1
284.0,42.699999999999996,134.99,-0.6899999999999994,179925.0,0,96.0,10,20,2,0,3,2,2,1,0,14,18,0,4,0,0,3,0,1,1
287.0,-1.1000000000000005,75.88,-10.770000000000001,179926.0,0,71.0,10,36,0,0,1,6,0,2,0,5,12,0,2,0,0,2,0,2,-1
293.0,67.4,91.12,10.12,179926.0,1,85.0,13,34,2,0,5,8,2,0,0,5,10,0,1,0,6,1,0,0,1
276.0,69.7,163.24,9.66,179927.0,0,83.5,14,33,1,0,7,3,2,1,0,10,12,0,1,0,5,3,0,0,1
262.0,28.299999999999997,148.68999999999997,-6.16,179927.0,1,66.0,11,50,0,1,5,5,0,5,0,19,14,0,1,0,0,3,0,2,-1
265.0,0.0,90.74,0.0,179928.0,0,77.5,0,0,0,0,0,0,0,0,0,0,0,0,0,0,0,0,0,0,-1
292.0,0.0,97.75000000000001,0.0,179928.0,1,81.0,0,0,0,0,0,0,0,0,0,0,0,0,0,0,0,0,0,0,1
282.0,46.900000000000006,104.90999999999998,2.54,179929.0,1,79.5,9,29,0,0,4,10,0,3,0,13,13,0,1,0,5,1,0,0,0
284.0,37.1,129.84,-1.7700000000000002,179929.0,0,66.0,13,38,0,0,3,1,0,0,0,14,9,0,2,0,4,1,0,0,0
264.0,4.799999999999999,149.13,-7.26,179930.0,1,72.0,20,27,0,0,3,8,0,0,0,4,11,0,4,0,0,1,0,1,-1
316.0,30.400000000000002,55.18999999999999,4.719999999999998,179930.0,0,86.0,12,37,1,0,1,4,1,3,0,6,24,0,4,0,5,1,0,0,1
265.0,70.8,69.85,9.28,179931.0,1,84.5,19,31,1,0,5,3,3,1,0,10,18,0,2,0,5,2,0,0,1
316.0,16.099999999999998,64.69,0.14000000000000012,179931.0,0,72.0,16,27,0,0,3,7,0,1,0,9,21,0,1,0,0,4,0,3,-1
285.0,90.6,124.22000000000001,12.95,179932.0,1,80.5,12,24,2,1,5,8,2,1,0,16,12,0,1,0,6,1,0,0,1
263.0,-5.6999999999999975,73.91,-8.61,179932.0,0,75.0,12,34,0,0,3,4,0,2,0,6,13,0,3,0,0,0,0,2,-1
288.0,60.900000000000006,106.63,7.0299999999999985,179933.0,1,90.5,19,27,1,0,4,6,1,2,0,14,17,0,3,0,6,0,0,0,1
290.0,10.599999999999998,88.14000000000001,-9.500000000000002,179933.0,0,70.5,17,21,0,0,1,6,0,0,0,6,18,0,4,0,0,4,0,1,-1
282.0,43.7,113.57000000000001,3.850000000000001,179934.0,0,82.5,17,35,2,0,1,9,2,3,0,12,15,0,3,0,0,3,0,1,1
277.0,28.3,130.79999999999998,-5.649999999999999,179934.0,1,80.0,14,35,1,0,3,3,1,0,0,16,17,0,2,0,0,1,0,2,-1
292.0,17.0,91.38999999999999,-3.5300000000000002,179935.0,0,74.5,16,33,0,0,4,6,1,1,0,11,11,0,2,0,0,0,0,3,-1
315.0,51.099999999999994,82.93,7.37,179935.0,1,78.0,11,24,2,0,3,10,3,2,0,9,15,0,1,0,0,2,0,1,1
293.0,31.299999999999997,96.47,3.439999999999999,179936.0,1,71.0,17,24,1,0,4,5,1,1,0,10,14,0,2,0,0,2,0,1,0
315.0,19.299999999999997,75.30000000000003,-4.949999999999999,179936.0,0,83.5,14,30,1,0,2,2,1,2,0,7,18,0,2,0,0,3,0,1,0
283.0,57.1,156.26,1.26,179937.0,1,85.5,11,22,3,1,2,7,3,2,0,14,12,0,2,0,0,0,0,2,1
294.0,36.7,121.93,1.06,179937.0,0,82.5,12,27,2,0,2,1,2,2,0,13,12,0,1,0,0,1,0,3,-1
265.0,46.49999999999999,70.04000000000002,-2.54,179938.0,0,83.5,24,30,2,0,6,9,2,1,0,11,18,0,3,0,0,2,0,2,1
263.0,7.3999999999999995,83.49999999999999,2.1799999999999997,179938.0,1,73.5,17,22,1,0,3,4,2,0,0,11,26,1,3,3,0,2,0,3,-1
287.0,11.4,78.98999999999998,-4.27,179939.0,1,84.0,16,40,0,0,4,6,0,2,0,11,17,0,0,0,0,0,0,1,-1
275.0,40.50000000000001,82.4,4.8100000000000005,179939.0,0,75.5,15,25,0,0,2,5,1,5,0,5,16,0,0,0,4,3,0,0,1
285.0,54.50000000000001,144.29,-0.8999999999999997,179940.0,0,91.0,21,43,0,0,2,6,0,3,0,21,13,0,1,0,5,0,0,0,0
292.0,35.900000000000006,101.83999999999999,2.219999999999999,179940.0,1,82.5,13,39,0,0,5,7,0,3,0,6,21,0,4,0,7,2,0,0,0
315.0,19.0,77.91,-0.8099999999999999,179941.0,0,83.5,10,40,0,0,1,9,0,3,0,21,21,0,3,0,0,1,0,1,0
264.0,26.1,132.4,-1.8099999999999994,179941.0,1,75.0,22,39,1,0,4,4,1,0,0,10,10,1,0,0,0,1,0,1,0
266.0,4.800000000000001,184.56,-14.33,179942.0,0,84.0,15,40,0,0,5,2,0,2,0,12,15,0,1,1,0,0,0,1,-1
284.0,47.99999999999999,143.46,1.2900000000000005,179942.0,1,82.0,12,29,1,0,2,4,1,3,0,7,15,0,2,0,5,3,0,0,1
288.0,42.5,86.85,9.14,179943.0,1,67.0,15,22,0,0,2,3,0,3,0,10,14,0,1,1,6,2,0,0,0
285.0,33.80000000000001,141.87,-1.6200000000000003,179943.0,0,84.5,11,23,0,0,6,7,0,3,0,9,17,0,3,0,5,0,0,0,0
263.0,0.0,130.79999999999998,0.0,179944.0,0,70.0,0,0,0,0,0,0,0,0,0,0,0,0,0,0,0,0,0,0,-1
290.0,0.0,75.23,0.0,179944.0,1,71.0,0,0,0,0,0,0,0,0,0,0,0,0,0,0,0,0,0,0,1
275.0,21.800000000000004,79.67999999999999,-0.029999999999999916,179945.0,1,77.0,20,35,2,0,1,1,2,0,0,8,16,0,1,1,0,0,0,2,0
262.0,39.8,118.83,-0.9900000000000011,179945.0,0,85.0,14,42,1,1,2,3,2,2,0,24,22,0,4,0,0,0,0,2,0
262.0,21.7,130.26,-0.8699999999999997,179946.0,1,75.0,13,26,1,0,0,3,1,4,0,12,17,0,3,0,0,2,0,1,0
265.0,34.199999999999996,94.05,0.04000000000000031,179946.0,0,87.5,17,30,0,0,7,12,1,1,0,14,16,0,1,0,0,0,0,1,0
276.0,17.7,136.70999999999998,-12.54,179947.0,0,67.0,11,32,1,0,1,2,1,3,0,7,10,0,1,0,0,3,0,3,-1
294.0,29.3,100.83,5.080000000000001,179947.0,1,81.0,10,34,2,0,4,1,3,1,0,9,14,0,5,0,0,0,0,1,1
266.0,48.49999999999999,141.31,6.67,179948.0,1,85.0,21,43,2,0,5,4,4,1,0,8,18,0,1,0,0,1,0,2,1
276.0,3.9000000000000004,150.42000000000002,-12.819999999999997,179948.0,0,60.5,17,31,1,0,1,3,2,7,0,8,23,1,4,0,0,2,0,5,-1
264.0,21.8,161.82,-0.5599999999999999,179949.0,1,75.0,16,31,0,0,5,3,1,1,0,10,9,0,1,0,0,0,0,1,0
293.0,30.300000000000004,85.31,1.1099999999999999,179949.0,0,85.0,8,57,1,1,3,6,1,3,0,21,17,0,5,0,0,2,0,1,0
316.0,8.100000000000001,44.120000000000005,-2.54,179950.0,0,71.0,22,42,0,0,3,2,0,2,0,14,25,0,3,0,0,1,0,1,-1
275.0,49.900000000000006,96.68999999999997,2.67,179950.0,1,82.5,25,38,1,0,2,3,1,0,0,11,22,0,2,0,5,1,0,0,1
293.0,2.0999999999999996,99.47000000000001,-9.53,179951.0,0,77.5,13,37,0,0,0,1,0,1,0,10,13,0,0,0,0,0,0,2,-1
283.0,61.3,167.81,5.459999999999999,179951.0,1,86.5,12,49,2,0,1,7,2,0,0,13,14,0,1,0,5,0,0,0,1
285.0,19.5,88.7,-3.05,179952.0,0,82.0,21,27,1,0,3,3,1,1,0,10,19,0,6,0,0,2,0,1,0
294.0,22.0,117.52000000000001,-3.4200000000000004,179952.0,1,84.0,18,28,0,0,5,13,1,0,0,9,22,0,3,0,0,1,0,1,0
284.0,36.6,121.03,-1.22,179954.0,1,83.0,12,38,0,0,7,3,0,0,0,12,17,0,2,0,5,0,0,0,0
277.0,45.9,148.14000000000001,2.5599999999999987,179954.0,0,77.5,15,33,0,0,1,2,0,4,0,12,13,0,0,0,5,3,0,0,0
316.0,28.599999999999998,64.43,3.800000000000001,179955.0,1,75.5,29,32,1,1,4,5,1,2,0,6,21,0,2,0,0,0,1,1,0
288.0,9.499999999999998,92.77000000000001,-5.779999999999999,179955.0,0,77.5,21,29,1,0,3,3,1,4,1,8,29,0,4,0,0,2,0,1,0
292.0,23.8,91.96999999999998,-3.33,179956.0,0,73.0,15,27,0,0,3,8,0,1,0,14,13,0,0,0,0,1,0,2,-1
283.0,90.29999999999998,130.65999999999997,15.030000000000001,179956.0,1,81.0,13,31,2,1,2,6,2,1,0,22,15,0,0,0,5,1,0,0,1
290.0,45.10000000000001,96.44,5.75,179957.0,1,78.0,16,29,1,0,3,10,2,4,0,14,8,0,0,0,0,1,0,3,-1
282.0,63.4,99.12,2.6500000000000004,179957.0,0,91.0,8,29,2,1,1,2,3,3,0,26,17,0,1,0,0,0,0,2,1
287.0,21.0,91.95,-2.18,179958.0,1,77.0,20,38,1,0,3,4,2,1,0,13,20,1,2,0,0,0,0,3,-1
282.0,17.099999999999998,93.51,-7.1800000000000015,179958.0,0,81.0,19,23,2,0,2,2,2,4,0,3,20,0,2,0,0,0,0,2,1
263.0,19.5,90.58000000000001,-9.25,179959.0,0,73.0,10,25,1,0,1,4,1,0,0,11,19,0,3,0,0,2,0,2,-1
284.0,52.1,146.65000000000003,3.19,179959.0,1,83.0,19,25,2,0,3,9,2,2,0,14,10,0,3,0,0,1,0,1,1
266.0,12.2,147.25,-3.4300000000000006,179960.0,0,82.0,12,39,1,0,3,4,1,1,0,8,16,0,5,0,0,2,0,1,0
262.0,33.0,119.79,0.6399999999999998,179960.0,1,84.0,16,37,1,0,4,4,1,6,0,14,13,0,1,0,0,2,0,1,0
315.0,33.10000000000001,86.3,1.8500000000000008,179961.0,0,66.5,22,38,0,0,0,3,0,0,0,22,14,0,0,0,0,1,0,1,-1
288.0,70.2,92.11,11.22,179961.0,1,83.0,15,57,0,0,7,3,1,0,0,31,26,0,1,0,5,0,0,0,1
294.0,31.1,76.78999999999999,0.10000000000000053,179962.0,0,70.0,11,23,0,0,4,3,0,1,0,17,10,0,2,0,0,3,0,1,-1
292.0,76.2,114.51,7.49,179962.0,1,83.0,9,30,1,1,4,6,1,1,0,15,12,0,2,0,7,2,0,0,1
277.0,38.0,124.60999999999999,1.84,179963.0,0,78.5,22,26,0,1,3,4,2,2,0,15,14,0,2,0,0,0,0,2,0
290.0,31.599999999999994,92.46,2.9000000000000004,179963.0,1,86.0,14,36,2,0,2,1,2,0,0,11,22,0,3,0,0,3,0,2,0
264.0,30.200000000000003,123.10000000000001,-0.7000000000000002,179964.0,1,85.0,13,32,1,0,3,5,3,4,0,14,14,0,4,1,0,0,0,2,1
276.0,16.0,139.84,-3.3200000000000007,179964.0,0,85.0,13,26,1,0,0,0,2,3,0,9,15,0,4,1,0,3,0,3,-1
263.0,5.2,80.99,-4.23,179965.0,1,80.5,13,32,0,0,2,10,1,2,0,4,15,0,4,0,0,1,0,1,0
287.0,31.299999999999997,99.63999999999999,0.44999999999999996,179965.0,0,79.5,15,21,1,0,3,7,1,3,0,16,13,0,4,0,0,0,0,1,0
277.0,51.6,131.74,0.6899999999999987,179966.0,1,87.0,14,27,3,0,5,3,3,3,0,8,15,0,1,0,0,2,0,1,1
316.0,22.800000000000004,64.72,-2.09,179966.0,0,82.0,14,21,0,1,4,13,1,1,0,5,13,0,2,0,0,2,0,3,-1
285.0,75.9,151.32000000000002,2.81,179967.0,0,91.0,16,31,1,0,4,5,1,3,0,16,18,0,1,0,6,4,0,0,1
293.0,9.500000000000002,86.83,-1.9000000000000004,179967.0,1,76.0,14,32,0,0,5,4,0,2,0,9,18,0,1,0,0,1,0,1,-1
282.0,53.69999999999999,117.64,-2.89,179968.0,0,89.0,8,27,3,0,0,4,3,1,0,15,10,0,3,0,0,2,0,2,1
283.0,73.4,155.64999999999998,1.55,179968.0,1,76.5,10,38,2,2,8,8,2,2,0,26,8,0,0,0,0,0,0,3,-1
265.0,14.399999999999999,68.49,-5.619999999999999,179969.0,0,76.5,23,38,1,0,3,6,1,2,0,8,13,0,4,0,0,0,0,2,-1
287.0,32.70000000000001,75.63,-4.86,179969.0,1,85.5,12,28,1,2,2,6,2,0,0,12,23,0,3,0,0,0,0,1,1
284.0,47.2,143.32999999999998,1.8700000000000006,179970.0,1,87.0,10,25,0,0,5,5,1,1,0,16,19,0,2,0,4,0,0,0,1
315.0,30.2,79.03,1.4300000000000002,179970.0,0,80.0,19,26,0,0,3,5,0,2,0,20,14,0,4,0,0,2,0,1,-1
264.0,61.29999999999999,150.85999999999999,6.46,179971.0,0,87.0,17,36,2,0,3,6,4,1,0,12,9,0,1,0,0,1,0,1,1
292.0,-0.7000000000000011,91.65,-8.25,179971.0,1,72.5,9,27,1,0,4,3,1,7,0,9,18,0,2,2,0,1,0,4,-1
288.0,21.999999999999996,82.42,0.9000000000000004,179972.0,1,88.0,19,41,0,1,3,10,1,3,0,14,18,0,4,0,0,0,0,1,0
263.0,13.299999999999999,60.52000000000001,0.9199999999999999,179972.0,0,76.0,17,27,0,0,0,6,1,1,0,11,21,0,4,0,0,1,0,1,0
290.0,108.9,108.82000000000002,13.04,179973.0,1,95.0,13,19,4,1,1,3,6,3,0,10,20,0,4,0,6,2,0,0,1
275.0,-2.4999999999999996,74.30999999999999,-4.08,179973.0,0,42.0,20,34,0,0,3,6,0,5,0,10,16,0,1,1,0,1,0,6,-1
263.0,46.7,85.78,5.750000000000001,179974.0,1,78.5,15,37,1,0,4,4,1,0,1,10,12,0,1,0,5,0,0,0,1
290.0,35.3,97.1,-10.87,179974.0,0,82.0,12,31,0,0,2,5,0,0,0,18,15,0,2,0,0,3,1,1,-1
266.0,27.4,145.25,1.5700000000000003,179975.0,1,76.5,14,27,0,0,3,6,0,1,0,4,16,0,0,0,4,1,0,0,0
284.0,40.6,115.03999999999999,1.13,179975.0,0,72.0,16,32,0,2,4,2,0,5,0,9,18,0,0,0,4,2,0,0,0
284.0,27.299999999999997,135.4,-4.760000000000001,179976.0,0,81.5,17,37,0,0,3,2,0,5,0,20,12,0,2,0,0,2,0,1,-1
276.0,42.70000000000001,161.99999999999997,2.1199999999999988,179976.0,1,74.0,11,41,1,0,4,3,1,3,0,12,17,0,4,0,5,1,0,0,1
262.0,23.900000000000002,118.74999999999999,-3.1800000000000006,179977.0,0,90.5,7,29,1,0,3,3,2,3,0,10,19,0,3,0,0,0,1,2,0
276.0,30.599999999999998,153.41,-3.0300000000000007,179977.0,1,73.0,16,46,1,0,2,1,2,0,1,16,6,0,1,1,0,1,0,2,0
275.0,69.8,92.25,12.070000000000002,179978.0,1,92.0,17,28,2,0,2,4,2,4,0,12,23,0,2,0,6,2,0,0,1
287.0,5.400000000000001,74.00999999999999,-2.92,179978.0,0,68.0,21,27,0,0,2,5,0,4,0,10,17,0,4,0,0,1,0,2,-1
277.0,42.10000000000001,100.05,2.9000000000000004,179979.0,1,80.0,9,33,0,0,4,5,0,1,0,15,12,0,2,1,6,0,0,0,0
262.0,53.199999999999996,103.9,3.2300000000000013,179979.0,0,79.0,10,46,0,2,1,4,0,3,0,16,9,0,3,0,6,2,0,0,0
294.0,11.7,91.54,-4.159999999999999,179980.0,1,74.5,21,41,0,0,4,3,1,2,0,7,11,0,4,0,0,2,0,2,-1
283.0,28.4,153.93,-3.2199999999999998,179980.0,0,72.5,10,29,0,0,5,4,2,1,0,14,24,0,2,0,0,1,0,1,1
293.0,40.900000000000006,87.58000000000001,2.12,179981.0,1,71.5,22,33,1,0,5,3,1,1,0,6,24,0,3,0,5,1,0,0,1
294.0,2.5000000000000004,114.33000000000001,-7.289999999999999,179981.0,0,69.0,24,17,0,0,6,5,0,3,0,8,24,1,5,0,0,2,0,2,-1
282.0,53.4,118.48,1.1799999999999997,179982.0,1,79.5,16,26,2,0,6,3,2,4,0,18,17,0,3,0,0,3,0,2,1
277.0,35.6,159.19,-3.9899999999999998,179982.0,0,81.0,17,30,2,1,4,5,2,5,0,13,17,1,3,0,0,2,0,3,-1
282.0,40.199999999999996,100.83000000000001,3.4000000000000004,179983.0,1,71.0,20,26,0,0,3,4,0,0,0,6,14,0,2,0,6,1,0,0,0
288.0,45.300000000000004,78.64999999999999,1.9800000000000009,179983.0,0,82.0,14,29,0,1,4,2,0,2,0,13,20,0,2,0,5,2,0,0,0
292.0,-3.999999999999999,97.67,-11.629999999999999,179984.0,0,69.5,10,48,0,0,5,3,0,3,0,9,15,0,3,0,0,0,0,1,-1
265.0,65.8,66.33,9.09,179984.0,1,84.0,14,50,0,0,2,10,1,3,0,19,12,0,2,0,6,2,0,0,1
266.0,56.2,137.32999999999998,2.099999999999999,179985.0,0,85.5,12,39,1,0,4,2,1,2,0,15,18,0,0,0,5,1,0,0,1
265.0,18.4,90.77,-2.9799999999999995,179985.0,1,81.5,18,35,0,1,1,4,0,5,0,13,12,0,1,0,0,1,0,1,-1
285.0,28.2,119.27,-2.96,179986.0,1,66.0,25,32,1,1,2,7,1,0,0,7,10,0,1,0,0,1,0,3,-1
283.0,16.3,117.13,-11.950000000000001,179986.0,0,85.5,9,50,1,0,3,2,3,4,0,7,27,0,2,0,0,1,0,1,1
285.0,72.80000000000001,154.60999999999999,1.88,179987.0,1,86.0,12,46,2,1,6,2,3,3,1,16,21,0,2,0,5,1,0,0,1
288.0,26.2,83.88,1.4,179987.0,0,62.5,18,32,0,0,3,4,0,4,0,15,13,0,3,0,0,3,1,3,-1
316.0,34.300000000000004,49.24,5.2,179988.0,1,64.0,24,36,0,0,4,9,0,4,0,19,13,0,1,0,0,1,0,1,-1
290.0,49.0,68.96,6.360000000000001,179988.0,0,77.0,13,25,1,0,2,3,1,1,0,17,25,0,2,0,3,2,0,0,1
315.0,88.29999999999998,100.84,8.24,179990.0,1,91.5,16,21,3,0,3,6,3,4,0,12,18,0,1,0,6,1,0,0,1
293.0,7.6000000000000005,84.72,-1.1899999999999997,179990.0,0,75.5,18,23,0,0,2,2,0,4,0,8,17,0,2,0,0,3,0,3,-1
284.0,76.0,142.45000000000002,6.73,179992.0,0,85.0,14,36,2,1,8,4,2,1,0,20,18,0,4,0,4,1,0,0,1
263.0,29.0,91.4,-2.31,179992.0,1,70.5,17,30,0,0,5,4,0,0,0,16,15,0,3,0,0,4,0,2,-1
283.0,31.500000000000004,178.58,-1.9799999999999995,179993.0,0,83.5,10,42,0,0,6,4,0,0,0,9,16,0,1,0,5,0,0,0,0
292.0,50.599999999999994,105.86,8.290000000000003,179993.0,1,83.0,16,36,0,0,2,7,0,1,0,10,10,0,1,0,6,3,0,0,0
315.0,67.7,84.26,9.26,179994.0,1,90.0,14,32,1,0,5,9,2,0,0,10,24,0,2,0,5,4,0,0,1
275.0,33.199999999999996,100.20000000000002,-2.7300000000000004,179994.0,0,78.5,25,27,0,0,7,3,0,0,0,16,17,0,2,0,0,3,0,2,-1
276.0,0.6999999999999984,161.56,-5.78,179995.0,1,73.0,17,42,1,0,4,2,1,5,0,7,18,0,4,0,0,0,0,3,-1
266.0,58.7,149.73000000000002,5.419999999999999,179995.0,0,82.5,18,33,2,0,2,2,3,3,0,16,17,0,1,0,0,3,0,1,1
316.0,36.3,52.9,0.9999999999999999,179996.0,0,89.0,7,22,0,1,5,2,1,2,0,15,16,0,1,0,0,3,0,1,0
262.0,48.30000000000001,113.85000000000002,0.0899999999999995,179996.0,1,86.0,15,41,1,0,3,6,1,0,0,17,6,0,0,0,0,3,0,1,0
292.0,52.1,83.88,5.7,179997.0,1,85.5,12,29,0,0,7,12,0,3,0,17,18,0,2,0,4,1,0,0,0
284.0,54.99999999999999,140.2,-1.4400000000000004,179997.0,0,78.0,17,31,0,0,3,2,0,2,0,12,12,0,2,0,6,4,0,0,0
290.0,12.0,99.38999999999997,-4.700000000000001,179998.0,0,78.5,13,21,0,0,1,5,0,2,0,9,10,0,2,0,0,2,0,2,-1
277.0,57.80000000000001,120.22,2.8399999999999994,179998.0,1,84.0,10,33,1,0,2,7,2,0,0,9,13,0,1,0,5,1,0,0,1
264.0,88.49999999999999,150.79,5.079999999999999,179999.0,1,84.5,11,24,1,2,6,5,1,4,0,21,16,0,2,0,6,3,0,0,1
283.0,39.300000000000004,117.82,1.33,179999.0,0,73.0,14,50,0,0,4,4,0,1,0,25,11,0,0,0,0,2,0,1,-1
275.0,23.800000000000004,82.65,-2.72,180000.0,1,70.0,13,26,0,0,5,9,0,3,0,19,16,0,0,1,0,0,0,2,-1
263.0,63.2,77.47,10.21,180000.0,0,71.0,11,30,1,0,0,1,2,2,0,10,12,0,2,0,6,3,0,0,1
264.0,-2.7000000000000006,150.49999999999997,-8.259999999999998,180001.0,0,77.5,19,34,0,0,1,4,0,1,0,6,19,0,2,0,0,0,0,1,-1
293.0,56.9,109.94999999999999,7.220000000000001,180001.0,1,85.5,18,20,0,0,2,8,1,0,0,14,19,0,3,0,6,0,0,0,1
276.0,28.100000000000005,154.32999999999998,-8.25,180002.0,0,74.5,13,36,1,0,2,6,2,3,0,11,12,0,1,0,0,0,0,2,0
293.0,17.900000000000002,86.19000000000001,-6.649999999999999,180002.0,1,81.5,11,33,1,0,1,8,2,1,0,6,14,0,2,0,0,0,0,2,0
287.0,21.9,79.62,0.39999999999999974,180003.0,0,80.0,22,30,0,0,4,4,0,4,0,13,10,0,2,0,0,2,0,2,-1
282.0,72.6,107.09,4.509999999999999,180003.0,1,82.0,10,33,2,0,6,6,2,8,0,19,22,0,2,0,5,1,0,0,1
265.0,43.3,75.7,-2.6100000000000008,180004.0,1,88.5,17,31,1,0,3,2,2,0,0,16,9,0,1,0,0,0,0,1,1
262.0,40.7,106.41,3.0900000000000003,180004.0,0,74.0,8,35,1,0,4,7,1,1,0,19,17,0,0,0,0,2,0,2,-1
282.0,58.0,101.23,3.5900000000000003,180005.0,1,80.5,11,26,1,0,1,4,2,5,0,15,15,0,7,0,5,3,0,0,1
266.0,16.999999999999996,125.07,-9.400000000000002,180005.0,0,69.5,14,24,0,1,6,12,0,2,0,14,13,0,4,1,0,0,0,2,-1
265.0,6.799999999999999,79.24,-5.65,180006.0,1,70.5,14,46,0,0,1,8,0,5,0,15,14,0,4,0,0,1,0,2,-1
277.0,64.2,104.64,2.99,180006.0,0,79.5,14,36,2,0,5,3,2,3,0,12,16,0,2,0,5,1,0,0,1
294.0,56.300000000000004,97.85999999999999,7.990000000000001,180007.0,0,86.0,11,30,2,1,5,4,2,1,0,15,11,0,1,0,0,2,1,4,-1
285.0,60.5,150.19,-2.24,180007.0,1,91.0,10,35,2,0,5,5,4,1,1,15,12,0,1,0,0,2,0,2,1
315.0,0.4999999999999991,64.17,-12.889999999999997,180008.0,0,63.5,14,16,0,0,2,5,0,4,0,9,17,0,4,0,0,0,0,2,-1
285.0,82.6,125.35,11.8,180008.0,1,81.0,18,26,2,0,0,11,2,0,0,21,18,0,2,0,5,0,0,0,1
275.0,18.0,65.13000000000001,-5.450000000000002,180009.0,0,77.0,17,31,1,0,8,3,1,2,0,11,10,0,3,1,0,0,0,3,-1
316.0,59.099999999999994,68.43,3.6399999999999997,180009.0,1,84.5,10,18,3,0,4,6,3,1,0,9,17,0,2,0,0,4,0,1,1
294.0,18.999999999999996,77.84,-1.4200000000000002,180010.0,0,80.5,17,42,0,0,5,7,0,1,0,16,21,0,5,0,0,3,0,1,-1
288.0,75.4,102.87999999999998,6.46,180010.0,1,87.5,19,29,1,0,7,3,1,0,0,20,17,0,5,0,5,4,0,0,1
315.0,15.799999999999999,81.63,-9.98,180011.0,1,75.5,22,32,0,0,2,7,1,0,0,10,17,0,1,1,0,0,0,1,0
288.0,4.499999999999999,71.11000000000001,-7.039999999999999,180011.0,0,84.5,16,39,1,1,1,2,1,4,0,9,22,0,3,1,0,0,0,1,0
290.0,60.8,80.96,2.1400000000000006,180012.0,1,88.0,10,44,0,0,6,2,0,0,0,18,10,0,0,0,6,2,0,0,0
287.0,40.3,82.97,1.659999999999999,180012.0,0,69.5,10,40,0,0,2,2,0,0,0,7,10,0,0,0,5,4,0,0,0
264.0,30.200000000000003,116.36999999999999,-5.3500000000000005,180013.0,0,74.5,13,25,0,1,4,7,0,2,0,14,8,0,2,0,0,2,0,1,-1
263.0,42.3,60.949999999999996,5.08,180013.0,1,84.0,7,23,0,0,3,1,1,2,0,10,14,0,2,1,5,3,0,0,1
277.0,72.50000000000001,133.84,6.84,180014.0,0,74.5,21,17,1,0,3,2,1,2,0,21,18,0,2,0,5,1,0,0,1
262.0,11.200000000000003,110.3,-6.5200000000000005,180014.0,1,70.0,16,11,0,1,2,4,0,4,0,11,21,0,3,0,0,0,0,1,-1
285.0,37.800000000000004,127.12,-3.5599999999999996,180015.0,0,85.5,13,26,1,0,5,7,1,2,0,21,21,0,3,0,0,0,0,1,0
266.0,34.2,135.75,0.9099999999999997,180015.0,1,71.0,20,36,1,0,2,5,1,3,0,15,15,0,2,0,0,2,0,1,0
266.0,16.200000000000003,140.56,-7.3100000000000005,180016.0,1,78.0,10,32,1,0,5,6,1,0,0,8,26,0,3,0,0,2,0,1,0
265.0,24.300000000000004,68.27,-3.35,180016.0,0,82.0,22,36,0,0,3,6,1,10,0,7,12,0,1,0,0,4,0,1,0
282.0,29.099999999999998,88.46000000000001,-3.0699999999999994,180017.0,0,76.0,22,38,1,1,2,9,1,4,0,11,20,0,2,0,0,2,0,2,-1
276.0,32.9,165.5,1.5899999999999999,180017.0,1,76.5,20,46,1,0,2,5,2,2,0,16,22,0,3,0,0,1,0,1,1
292.0,10.9,98.51999999999998,-6.510000000000001,180018.0,0,75.0,7,40,0,0,2,2,0,3,0,15,12,0,1,0,0,2,0,3,-1
264.0,92.3,153.53,16.62,180018.0,1,89.5,12,23,3,0,5,7,3,2,0,14,7,0,0,0,5,0,0,0,1
275.0,0.0,97.70000000000002,0.0,180019.0,1,84.5,0,0,0,0,0,0,0,0,0,0,0,0,0,0,0,0,0,0,1
315.0,0.0,95.72999999999999,0.0,180019.0,0,81.0,0,0,0,0,0,0,0,0,0,0,0,0,0,0,0,0,0,0,-1
288.0,6.699999999999997,96.12,-10.79,180020.0,0,70.0,22,31,0,0,1,7,0,2,0,13,20,0,4,0,0,0,0,2,-1
277.0,57.2,118.32,4.07,180020.0,1,81.0,19,42,2,0,0,1,2,3,0,13,22,0,2,0,5,1,0,0,1
293.0,16.3,97.59,-6.909999999999998,180021.0,0,75.0,19,23,0,1,2,3,0,1,0,13,19,0,2,0,0,0,0,1,-1
294.0,41.099999999999994,102.07,-1.4100000000000001,180021.0,1,78.5,19,22,0,0,4,5,1,1,0,6,18,0,2,0,4,2,0,0,1
290.0,-0.7999999999999984,65.5,-8.530000000000001,180022.0,0,80.0,16,40,0,1,2,1,0,1,0,10,25,0,2,0,0,1,0,3,-1
294.0,71.0,90.77999999999999,10.16,180022.0,1,86.0,25,35,3,0,3,1,3,1,0,9,17,0,4,0,5,1,0,0,1
283.0,103.0,147.55,14.32,180023.0,1,93.5,11,40,2,0,6,7,3,1,0,28,15,0,0,0,5,0,0,0,1
262.0,18.4,102.66999999999999,-5.75,180023.0,0,60.5,15,41,0,0,1,3,0,1,0,13,11,0,1,0,0,4,0,3,-1
283.0,45.7,169.47000000000003,2.45,180024.0,1,85.0,14,30,2,0,3,6,2,1,1,20,19,0,2,0,0,0,0,1,1
285.0,41.60000000000001,156.95000000000002,0.6399999999999999,180024.0,0,79.0,19,22,1,1,3,3,1,1,0,18,14,0,4,0,0,2,0,2,-1
292.0,32.9,77.99000000000001,2.8600000000000003,180025.0,0,82.5,16,31,0,0,2,3,1,7,0,13,27,0,3,0,4,1,0,0,1
287.0,12.4,85.47,-4.349999999999999,180025.0,1,64.0,25,46,0,0,2,3,0,3,0,18,19,0,4,0,0,0,0,1,-1
275.0,34.599999999999994,74.75999999999999,2.7200000000000006,180026.0,0,72.0,16,44,0,1,5,4,0,1,0,15,23,0,5,0,5,0,0,0,0
284.0,31.399999999999995,158.91000000000003,-4.82,180026.0,1,81.0,23,29,0,0,1,5,0,1,0,8,16,0,3,0,5,0,0,0,0
287.0,37.2,76.34,4.72,180027.0,1,74.0,16,30,1,0,2,4,2,2,0,17,19,0,2,0,0,0,0,1,1
263.0,7.000000000000001,60.66,-3.4099999999999993,180027.0,0,76.0,16,34,0,1,4,3,1,0,0,3,19,0,3,0,0,2,0,2,-1
316.0,43.8,62.550000000000004,2.84,180028.0,1,83.0,19,23,1,0,8,6,1,0,0,20,14,0,4,0,0,1,0,3,-1
293.0,52.599999999999994,93.58999999999999,7.2,180028.0,0,91.5,14,22,3,0,1,7,3,1,0,9,19,0,4,0,0,4,0,1,1
284.0,16.9,147.87,-10.32,180029.0,1,82.0,19,34,0,0,2,2,0,3,0,21,22,0,5,0,0,1,0,1,-1
276.0,56.300000000000004,134.98,7.840000000000001,180029.0,0,81.5,20,34,0,1,4,2,1,0,0,13,21,0,3,0,5,3,0,0,1
315.0,40.4,78.23000000000002,5.19,180030.0,1,86.0,17,31,2,0,5,4,2,1,0,17,28,0,4,0,0,1,0,1,1
265.0,15.799999999999999,75.22,-1.0600000000000003,180030.0,0,80.0,28,30,1,0,1,7,1,0,0,7,20,0,3,0,0,0,0,2,-1
293.0,31.7,95.02999999999999,-3.1099999999999994,180031.0,0,79.5,11,25,2,0,1,3,2,1,0,8,13,0,3,0,0,2,0,1,1
262.0,18.399999999999995,128.75,-2.54,180031.0,1,78.0,13,47,1,1,3,5,1,2,0,10,14,0,1,0,0,0,0,2,-1
288.0,63.5,71.10999999999999,11.83,180032.0,1,94.5,15,31,3,2,1,5,3,1,0,14,17,0,2,0,0,2,0,1,1
282.0,27.4,107.35000000000001,-4.75,180032.0,0,68.0,18,31,1,0,3,6,1,1,0,15,15,0,2,0,0,0,0,3,-1
292.0,51.4,100.92999999999999,4.79,180033.0,1,82.5,8,35,1,0,4,5,1,3,0,12,9,0,1,0,5,0,0,0,1
263.0,16.8,93.64999999999999,-0.66,180033.0,0,68.0,10,40,0,0,4,4,0,3,0,15,8,0,2,0,0,1,0,1,-1
264.0,38.300000000000004,170.67999999999998,-2.21,180034.0,1,74.5,14,31,2,0,1,3,2,2,0,15,22,0,3,0,0,2,0,1,1
285.0,21.6,131.58,-4.08,180034.0,0,73.0,21,38,1,0,3,6,1,5,0,14,14,0,4,0,0,0,0,2,-1
275.0,8.7,81.43999999999998,-5.750000000000001,180035.0,0,72.0,17,23,0,0,4,2,0,2,0,11,12,0,3,0,0,0,0,2,-1
277.0,73.49999999999999,125.47,6.42,180035.0,1,77.5,12,13,2,0,1,1,2,2,0,11,16,0,1,0,6,2,0,0,1
316.0,6.699999999999998,66.45,-8.690000000000001,180036.0,0,77.0,7,24,0,0,4,0,0,0,0,7,15,0,1,0,0,2,0,1,-1
290.0,65.60000000000001,107.14,9.67,180036.0,1,88.5,15,33,1,1,3,3,1,3,0,12,7,0,0,0,5,2,0,0,1
294.0,5.4,89.58,-8.72,180037.0,1,81.5,16,43,0,0,5,13,0,2,0,6,20,0,1,0,0,1,0,2,-1
316.0,72.7,58.09,10.76,180037.0,0,90.0,19,31,2,0,1,3,2,2,0,12,18,0,2,0,5,4,0,0,1
283.0,31.9,147.10000000000002,-9.18,180038.0,1,85.5,14,34,2,0,2,7,2,2,0,6,16,0,0,0,0,1,0,1,1
287.0,17.799999999999997,85.16000000000001,-0.5299999999999996,180038.0,0,65.0,16,25,0,0,2,2,1,0,0,17,16,1,3,0,0,1,0,3,-1
265.0,8.500000000000002,77.80999999999999,-3.9300000000000006,180039.0,1,73.5,11,33,0,0,3,2,0,2,0,15,14,0,4,0,0,1,0,2,-1
276.0,76.2,171.54999999999998,6.970000000000001,180039.0,0,83.5,14,21,1,1,3,3,2,1,0,17,11,0,4,0,5,2,0,0,1
294.0,17.5,90.82999999999998,0.9300000000000004,180040.0,0,77.0,21,27,0,0,5,4,0,4,0,9,18,0,1,0,0,0,1,1,-1
263.0,48.5,97.28,6.03,180040.0,1,84.0,18,32,1,0,1,2,1,1,1,11,22,0,2,0,5,3,0,0,1
266.0,31.499999999999993,151.67,-0.9200000000000003,180041.0,1,80.0,18,54,0,0,2,2,1,0,0,9,14,0,2,0,4,1,0,0,1
277.0,18.5,123.13000000000001,-8.5,180041.0,0,78.5,14,49,0,0,3,4,0,2,0,17,19,0,1,0,0,2,0,1,-1
284.0,53.199999999999996,151.79000000000002,2.6199999999999997,180042.0,1,90.0,11,37,0,1,5,13,0,0,0,11,7,0,1,0,5,1,0,0,0
290.0,37.6,105.84999999999998,2.9399999999999995,180042.0,0,84.5,6,24,0,0,5,3,0,1,0,6,12,0,4,0,6,3,0,0,0
276.0,6.1000000000000005,170.4,-12.969999999999999,180043.0,1,69.0,17,50,0,0,3,6,0,0,0,12,14,0,3,0,0,0,0,1,-1
315.0,46.29999999999999,84.12,3.91,180043.0,0,87.0,11,33,1,0,0,2,1,1,0,14,18,0,3,0,5,1,0,0,1
266.0,33.1,155.27999999999997,-2.3499999999999996,180044.0,0,71.5,22,40,2,0,1,5,2,1,0,8,17,0,2,0,0,3,0,3,-1
288.0,41.2,95.96999999999998,7.06,180044.0,1,82.0,17,23,1,0,3,3,3,1,0,15,23,0,2,0,0,0,0,2,1
283.0,56.6,129.41,4.67,180045.0,0,94.5,17,39,2,0,4,0,2,0,0,29,27,0,5,0,0,2,0,1,1
275.0,40.0,102.38000000000001,1.8599999999999994,180045.0,1,78.0,27,27,1,0,3,5,1,0,0,18,17,0,3,0,0,1,0,2,-1
315.0,0.0,80.25000000000001,0.0,180046.0,1,78.5,0,0,0,0,0,0,0,0,0,0,0,0,0,0,0,0,0,0,0
282.0,0.0,135.66000000000003,0.0,180046.0,0,81.0,0,0,0,0,0,0,0,0,0,0,0,0,0,0,0,0,0,0,0
288.0,9.8,87.08000000000001,-6.549999999999999,180047.0,0,73.0,14,35,0,1,4,3,0,0,0,11,24,0,1,0,0,1,0,2,-1
293.0,57.099999999999994,107.0,7.2,180047.0,1,75.0,24,43,1,0,6,2,2,0,0,8,14,0,1,0,5,0,0,0,1
282.0,24.2,116.15,-8.86,180048.0,1,75.0,17,27,1,1,3,6,1,1,0,8,16,0,3,0,0,1,0,1,0
265.0,26.299999999999997,73.82,2.73,180048.0,0,79.5,17,26,1,0,3,4,1,2,0,14,18,0,4,0,0,1,0,1,0
287.0,40.8,91.58,5.070000000000001,180049.0,1,85.5,21,26,0,1,2,3,0,5,0,5,19,0,2,0,6,2,0,0,0
264.0,27.7,179.55000000000004,-3.12,180049.0,0,81.0,16,43,0,0,2,6,0,1,0,7,22,0,1,0,5,1,0,0,0
285.0,94.4,166.79999999999998,13.510000000000002,180050.0,1,99.5,12,30,3,0,4,7,3,0,0,15,12,0,0,0,6,0,0,0,1
262.0,5.3,97.11000000000001,-1.44,180050.0,0,66.5,12,36,0,0,0,1,0,0,0,17,15,0,1,1,0,1,0,4,-1
284.0,53.4,153.67000000000002,1.88,180051.0,0,83.0,17,36,1,1,3,3,1,3,0,18,16,0,6,0,5,0,0,0,1
316.0,10.799999999999997,51.010000000000005,-8.15,180051.0,1,69.5,15,30,0,0,1,6,0,1,0,13,17,0,1,1,0,1,0,1,-1
292.0,41.50000000000001,91.11999999999999,1.1300000000000008,180052.0,0,70.0,13,21,0,0,2,5,0,2,0,14,12,0,3,0,5,0,0,0,0
290.0,47.49999999999999,108.13999999999999,1.4700000000000002,180052.0,1,78.5,12,31,0,0,5,5,0,2,0,14,13,0,1,0,5,1,0,0,0
263.0,31.4,121.02999999999997,-5.21,180053.0,0,76.5,26,26,0,0,6,4,0,2,0,22,18,0,4,0,0,0,0,1,-1
262.0,48.3,107.07999999999998,2.81,180053.0,1,84.5,17,29,1,0,2,7,1,3,0,13,28,0,2,1,5,2,0,0,1
282.0,10.5,128.39,-5.750000000000001,180054.0,0,73.5,10,28,0,0,2,7,1,3,0,10,13,0,3,0,0,0,0,2,-1
292.0,44.099999999999994,96.62999999999998,-1.54,180054.0,1,88.5,13,18,2,0,1,4,2,3,0,11,10,0,0,0,0,1,0,1,1
264.0,72.5,173.51,8.15,180055.0,1,79.0,25,25,2,0,6,2,2,2,0,13,20,0,1,0,5,0,0,0,1
275.0,4.3,83.75999999999999,-7.41,180055.0,0,69.0,18,27,0,0,1,4,0,4,0,8,26,0,2,0,0,3,0,2,-1
277.0,94.6,146.29000000000002,14.05,180056.0,1,82.5,15,39,3,0,0,1,3,3,0,23,17,0,2,0,5,3,0,0,1
315.0,10.100000000000001,79.25,-7.609999999999999,180056.0,0,73.0,17,20,0,0,6,2,0,6,0,11,15,0,1,0,0,0,0,3,-1
266.0,31.799999999999997,151.81,-3.5400000000000005,180057.0,0,64.0,13,37,1,0,4,3,1,2,0,14,5,0,0,0,0,1,0,3,-1
287.0,60.1,88.59,11.27,180057.0,1,84.0,6,25,3,0,3,7,3,3,0,11,15,0,1,0,0,4,0,1,1
293.0,0.4999999999999991,102.57,-11.1,180058.0,1,67.0,14,37,0,0,3,7,0,4,0,11,16,0,3,0,0,0,0,3,-1
266.0,70.1,178.46,6.69,180058.0,0,92.5,13,50,2,0,2,2,3,2,0,11,15,0,1,0,6,1,0,0,1
283.0,111.29999999999998,171.35999999999999,11.479999999999999,180059.0,1,95.5,14,27,4,0,5,6,5,0,0,11,11,0,0,0,6,0,0,0,1
316.0,20.6,54.330000000000005,-0.24999999999999994,180059.0,0,43.0,10,28,0,0,1,4,0,0,0,16,16,0,2,0,0,5,0,5,-1
265.0,9.0,70.01,-4.499999999999999,180060.0,1,71.0,22,39,0,0,1,4,0,4,0,12,19,0,2,0,0,1,0,1,-1
285.0,52.40000000000001,144.68,-6.049999999999999,180060.0,0,80.5,16,31,1,0,1,1,2,2,0,15,23,0,2,0,6,0,0,0,1
284.0,32.099999999999994,135.18000000000004,-5.49,180061.0,1,74.5,20,47,2,0,4,6,2,1,0,10,19,0,1,0,0,1,0,3,-1
294.0,56.9,83.28999999999999,8.620000000000001,180061.0,0,70.0,16,26,3,2,2,6,3,1,0,10,20,0,2,0,0,2,0,2,1
287.0,49.5,91.55,0.23999999999999994,180062.0,0,85.5,21,27,2,0,3,2,3,0,0,11,22,0,2,0,0,3,0,1,1
288.0,46.400000000000006,105.38,7.479999999999999,180062.0,1,64.0,22,23,1,0,5,8,1,4,0,21,20,0,3,1,0,4,0,3,-1
276.0,16.7,167.33999999999997,-1.7499999999999998,180063.0,0,77.5,15,44,0,0,3,5,1,3,0,12,10,0,1,0,0,0,0,2,-1
290.0,27.999999999999996,108.06000000000002,-1.7499999999999987,180063.0,1,83.0,10,28,2,0,1,4,2,3,0,8,15,0,2,0,0,1,0,1,1
263.0,33.099999999999994,113.53000000000002,2.11,180064.0,1,81.0,20,38,1,0,3,2,1,1,0,13,15,0,2,0,0,3,0,1,0
283.0,41.699999999999996,171.41000000000003,-10.379999999999999,180064.0,0,81.5,13,31,1,2,6,6,1,2,0,14,21,0,1,0,0,2,0,1,0
275.0,56.300000000000004,118.96000000000001,-2.87,180065.0,0,80.0,18,32,1,0,6,4,1,1,0,8,28,0,3,0,6,4,0,0,1
263.0,23.300000000000004,66.33999999999999,1.2799999999999994,180065.0,1,80.0,25,32,0,0,3,7,0,1,0,15,21,0,3,0,0,2,0,1,-1
266.0,65.19999999999999,176.42000000000002,0.1899999999999995,180066.0,1,84.0,13,16,1,0,5,1,1,0,0,14,16,0,1,0,5,2,0,0,1
290.0,5.199999999999999,100.35000000000001,-5.35,180066.0,0,72.0,17,32,0,0,3,1,0,1,0,13,14,1,1,0,0,0,0,2,-1
288.0,29.2,81.15,0.22,180067.0,0,81.5,11,25,0,0,0,1,1,1,0,15,15,0,1,0,0,3,0,1,0
276.0,47.00000000000001,159.65,7.609999999999999,180067.0,1,79.0,15,37,1,0,7,8,1,4,0,20,12,0,1,0,0,1,0,1,0
282.0,30.8,96.89,-1.81,180068.0,0,72.0,14,42,0,0,3,2,0,10,0,15,19,0,2,0,5,0,0,0,0
266.0,35.2,116.27,0.6900000000000001,180068.0,1,76.0,19,37,0,1,3,4,0,1,0,10,14,0,1,0,4,0,0,0,0
293.0,9.0,79.33000000000001,-1.5699999999999998,180069.0,0,74.5,15,21,0,0,1,5,0,1,0,9,17,0,2,0,0,1,0,1,-1
276.0,47.900000000000006,132.11,0.8100000000000004,180069.0,1,79.0,17,28,1,0,2,7,1,3,0,12,16,0,3,0,4,1,0,0,1
265.0,29.4,81.55000000000001,2.72,180070.0,0,74.0,20,26,1,0,3,2,1,1,0,14,17,0,3,0,0,1,0,1,0
275.0,26.1,97.28,2.97,180070.0,1,79.0,17,31,1,0,3,11,1,0,0,11,21,0,3,0,0,1,0,1,0
294.0,31.299999999999994,84.3,-0.8799999999999998,180071.0,1,80.0,14,40,0,0,3,1,0,3,0,13,26,0,3,0,5,2,0,0,0
264.0,40.2,175.68,-3.79,180071.0,0,78.5,26,22,0,0,5,5,0,1,0,4,14,0,1,1,6,1,0,0,0
293.0,19.700000000000003,91.49000000000001,1.33,180072.0,0,65.5,11,19,1,0,1,6,1,1,0,16,14,2,3,0,0,2,0,3,-1
282.0,19.999999999999996,130.28,1.8899999999999997,180072.0,1,83.5,14,38,1,1,4,3,1,2,0,9,13,0,2,0,0,0,0,1,1
265.0,31.199999999999992,79.64999999999999,0.4999999999999999,180073.0,0,79.0,18,27,0,1,1,2,0,3,0,17,10,0,1,0,0,2,0,1,-1
277.0,104.1,148.52,8.34,180073.0,1,90.5,10,29,1,1,4,8,1,3,0,41,19,0,1,0,5,0,0,0,1
287.0,38.1,94.6,-0.06000000000000011,180074.0,1,77.5,13,48,1,1,3,4,2,0,1,16,12,0,0,0,0,0,0,1,1
284.0,31.899999999999995,133.95999999999998,-0.7499999999999998,180074.0,0,81.0,12,40,1,0,4,6,1,3,0,11,13,0,0,0,0,1,1,2,-1
277.0,5.199999999999999,149.60000000000002,-14.990000000000002,180075.0,0,74.0,14,35,0,0,4,4,0,4,0,12,21,0,1,1,0,1,0,1,-1
285.0,42.1,128.19,0.6800000000000004,180075.0,1,68.0,19,29,1,1,3,6,0,0,0,8,14,0,2,1,5,1,0,0,1
288.0,7.1,65.88999999999999,-9.829999999999998,180076.0,0,72.5,13,40,0,0,4,4,0,5,0,9,24,0,1,0,0,3,0,1,-1
294.0,45.39999999999999,106.03,-0.25000000000000033,180076.0,1,81.0,23,19,1,0,4,7,1,2,0,1,14,0,1,0,4,2,0,0,1
292.0,2.3000000000000007,111.67999999999999,-6.800000000000001,180077.0,0,71.5,11,32,0,0,1,2,0,0,0,10,16,0,1,0,0,1,0,3,-1
316.0,90.89999999999999,64.36,17.35,180077.0,1,82.5,16,23,3,0,3,5,3,4,0,14,11,0,1,0,6,0,0,0,1
315.0,54.2,79.72,8.529999999999998,180078.0,1,87.0,9,26,1,0,6,6,1,0,0,14,19,0,4,0,5,1,0,0,1
262.0,18.2,100.97000000000001,-7.370000000000001,180078.0,0,78.0,18,36,0,0,2,3,0,1,0,12,12,0,1,0,0,2,0,1,-1
283.0,1.8000000000000007,135.98999999999998,-10.41,180079.0,1,78.5,12,44,0,0,4,6,0,3,0,9,18,0,1,0,0,0,0,1,-1
264.0,73.0,120.51999999999998,0.4599999999999999,180079.0,0,88.0,17,33,1,1,1,5,1,1,0,17,14,0,2,0,6,2,0,0,1
290.0,39.3,112.54999999999998,-4.869999999999999,180080.0,0,80.5,23,32,2,0,0,3,2,1,0,14,16,0,1,0,0,0,0,2,0
287.0,31.3,72.78,-1.4899999999999998,180080.0,1,82.5,15,29,2,0,3,3,2,1,0,12,25,0,1,0,0,0,0,2,0
292.0,28.199999999999996,105.30000000000001,1.56,180081.0,0,80.0,16,25,0,0,6,6,0,2,0,15,14,0,1,0,0,2,0,2,-1
284.0,80.60000000000001,137.68,9.43,180081.0,1,88.0,13,16,1,0,5,10,2,0,0,12,17,0,3,0,5,5,0,0,1
292.0,0.0,87.9,-2.9299999999999997,180082.0,0,81.5,17,28,0,0,1,5,0,0,0,7,25,0,1,0,0,0,0,1,-1
262.0,47.3,109.83,6.859999999999999,180082.0,1,86.0,24,37,1,0,1,3,1,1,0,9,17,0,2,0,5,1,0,0,1
294.0,28.699999999999996,82.34,-2.049999999999999,180083.0,0,84.0,14,33,0,1,2,5,1,1,0,13,18,0,1,0,0,2,0,1,0
266.0,23.799999999999997,158.68,-6.279999999999999,180083.0,1,81.5,18,30,1,0,3,3,1,2,0,11,14,0,3,0,0,1,0,1,0
262.0,53.900000000000006,109.48,5.910000000000001,180084.0,0,87.5,19,43,2,1,4,6,2,3,0,18,13,0,2,0,0,1,0,1,1
316.0,22.400000000000002,61.5,2.5900000000000003,180084.0,1,81.5,13,21,1,0,3,8,1,0,0,8,22,0,5,0,0,4,0,2,-1
287.0,17.599999999999998,94.72,-2.8099999999999996,180085.0,0,72.0,24,22,1,0,2,6,1,2,0,5,9,0,2,0,0,0,0,3,-1
276.0,52.599999999999994,172.71,1.4900000000000002,180085.0,1,88.5,9,19,3,0,1,7,3,1,0,17,27,0,5,0,0,2,0,1,1
277.0,9.199999999999998,137.85,-4.75,180086.0,1,80.0,10,35,0,0,1,7,0,1,0,14,19,0,2,1,0,2,0,1,-1
264.0,41.7,176.94,-1.33,180086.0,0,89.5,19,26,1,0,3,4,1,4,0,6,12,0,3,0,5,0,0,0,1
315.0,114.0,98.78,14.399999999999999,180087.0,1,94.5,14,17,3,1,2,6,5,3,0,12,9,0,0,0,6,1,0,0,1
285.0,-5.700000000000001,128.14,-12.13,180087.0,0,66.5,9,29,0,0,3,8,0,2,0,7,14,0,1,1,1,1,0,4,-1
293.0,73.5,100.27000000000001,12.850000000000001,180088.0,1,75.5,15,37,2,0,4,4,2,3,0,14,18,0,0,0,5,2,0,0,1
263.0,18.0,104.89,-3.469999999999999,180088.0,0,71.5,19,53,0,1,4,5,0,0,0,17,17,0,3,0,0,1,0,2,-1
275.0,38.300000000000004,96.80999999999999,1.4099999999999997,180089.0,0,84.0,13,39,1,0,5,1,1,5,0,19,12,0,2,0,0,3,0,2,-1
282.0,47.099999999999994,132.63000000000002,2.69,180089.0,1,87.0,11,52,1,0,3,8,2,3,0,23,14,0,2,0,0,1,0,1,1
290.0,6.3,97.09000000000002,-1.9400000000000002,180090.0,0,83.5,25,32,0,0,2,6,0,2,0,6,24,0,2,0,0,2,0,1,-1
265.0,66.6,88.86000000000001,9.629999999999997,180090.0,1,88.0,24,40,1,0,6,5,1,2,0,18,27,0,4,0,6,2,0,0,1
285.0,72.80000000000003,156.7,5.029999999999999,180091.0,1,96.5,21,40,2,0,1,3,2,3,0,16,15,0,3,0,6,1,0,0,1
284.0,-3.0,127.06,-6.839999999999999,180091.0,0,75.5,14,39,0,0,4,5,0,1,0,11,20,0,5,0,0,0,0,2,-1
288.0,31.699999999999996,97.22999999999999,-4.440892098500626e-16,180092.0,1,72.0,15,21,0,0,2,2,0,4,0,8,19,0,3,0,5,2,0,0,0
283.0,35.900000000000006,165.72,-0.29999999999999993,180092.0,0,75.5,17,41,0,1,4,3,0,3,0,8,16,0,1,0,5,1,0,0,0
315.0,24.2,80.38000000000001,-4.259999999999999,180093.0,1,73.0,23,21,0,0,3,4,0,1,0,11,16,0,2,0,0,3,0,1,-1
316.0,54.8,66.91999999999999,-2.04,180093.0,0,82.0,14,22,0,0,5,2,1,0,0,15,23,0,1,0,5,1,0,0,1
262.0,67.10000000000001,118.98,5.539999999999999,180094.0,1,87.0,11,24,2,0,1,4,2,2,0,10,12,0,2,0,6,1,0,0,1
283.0,13.599999999999998,150.97,0.45999999999999963,180094.0,0,73.0,13,45,0,0,2,7,0,1,0,21,11,1,2,0,0,0,0,3,-1
292.0,17.5,111.1,-1.5000000000000009,180095.0,1,79.5,14,36,1,1,2,8,1,1,0,11,14,1,2,0,0,0,0,2,-1
287.0,2.0999999999999996,70.57000000000001,-6.03,180095.0,0,89.5,12,30,0,0,1,1,1,3,0,7,16,0,4,0,0,1,0,1,1
266.0,12.600000000000001,171.82,-3.3899999999999997,180096.0,0,74.5,11,29,0,0,4,6,0,1,1,13,11,0,2,0,0,1,0,2,-1
263.0,73.6,111.17,11.4,180096.0,1,83.0,11,26,2,0,4,4,2,2,0,13,12,0,4,0,6,2,0,0,1
263.0,26.4,83.35000000000001,-8.280000000000001,180097.0,0,76.5,12,39,1,0,3,2,1,3,0,11,19,0,3,0,0,5,0,1,0
264.0,42.699999999999996,143.89000000000004,-3.06,180097.0,1,74.0,17,31,1,1,5,6,1,0,0,14,14,0,0,0,0,1,0,1,0
293.0,22.4,99.27,-6.5,180098.0,0,79.0,15,22,1,0,1,3,1,1,0,7,20,0,3,0,0,4,0,1,0
292.0,15.2,97.74000000000001,2.39,180098.0,1,80.0,19,39,0,1,6,3,1,3,0,9,18,0,4,0,0,1,0,1,0
265.0,19.2,68.82,-2.8499999999999996,180099.0,0,80.5,17,22,1,0,1,4,1,7,0,10,24,0,4,0,0,3,0,1,0
264.0,33.4,183.28,0.25000000000000006,180099.0,1,86.0,24,38,1,0,5,7,1,0,0,12,19,0,1,0,0,1,0,1,0
276.0,34.6,129.85,-2.4599999999999995,180100.0,0,70.0,19,26,2,0,1,2,2,6,0,15,22,0,4,0,0,1,0,1,1
275.0,24.699999999999996,93.55999999999999,-3.2100000000000004,180100.0,1,66.5,19,39,0,0,4,5,1,0,0,17,19,0,2,0,0,0,0,2,-1
275.0,53.60000000000001,119.33,1.4699999999999998,180101.0,1,85.5,25,22,1,0,2,8,2,0,0,13,10,0,1,0,0,2,0,1,1
284.0,-8.700000000000001,116.89,-15.360000000000001,180101.0,0,84.5,8,26,0,0,2,0,1,2,0,8,27,0,4,1,0,1,0,2,-1
294.0,15.5,71.38,-1.4400000000000006,180102.0,1,77.5,27,40,0,0,3,6,0,1,0,14,15,0,1,1,0,0,0,1,-1
262.0,42.599999999999994,101.8,0.8800000000000003,180102.0,0,83.5,13,36,0,0,0,2,1,5,0,20,28,0,4,0,5,1,0,0,1
316.0,-0.6999999999999991,54.36999999999999,-3.7399999999999998,180103.0,0,68.0,15,18,0,0,3,4,0,5,0,7,18,0,3,0,0,1,0,3,-1
293.0,89.39999999999999,108.7,14.17,180103.0,1,81.5,17,19,3,1,2,5,3,0,0,13,15,0,2,0,5,1,0,0,1
283.0,81.80000000000001,171.25,8.49,180104.0,1,94.5,14,36,3,0,2,4,3,2,0,14,16,0,3,0,6,1,0,0,1
277.0,10.3,131.59,-3.3899999999999997,180104.0,0,74.0,14,35,0,0,1,4,0,1,0,15,14,0,1,0,0,0,0,3,-1
315.0,47.199999999999996,86.18999999999998,3.8200000000000007,180105.0,0,81.0,14,27,0,0,5,8,0,3,0,11,15,0,1,0,6,0,0,0,0
287.0,47.50000000000001,102.49,5.120000000000001,180105.0,1,68.0,15,23,0,0,0,6,0,1,0,11,15,0,1,0,5,3,0,0,0
276.0,15.2,134.2,-5.79,180106.0,0,73.5,15,27,0,0,2,6,0,2,0,13,21,0,1,0,0,1,0,1,-1
282.0,64.6,103.21000000000001,4.2299999999999995,180106.0,1,83.0,20,28,1,0,1,8,1,0,0,12,16,0,0,0,5,2,0,0,1
284.0,78.50000000000001,133.31,15.61,180107.0,1,79.5,20,17,1,0,3,6,2,1,0,17,14,0,1,0,4,2,0,0,1
288.0,6.799999999999999,94.77,-5.180000000000001,180107.0,0,76.5,16,27,0,0,2,5,0,1,0,12,21,0,2,0,0,0,0,2,-1
282.0,20.5,134.47,-4.479999999999998,180108.0,0,86.5,24,37,1,0,2,5,2,1,0,8,12,1,5,0,0,2,0,2,0
316.0,18.0,65.27000000000001,-5.8100000000000005,180108.0,1,79.0,12,28,1,0,3,4,1,7,0,18,25,0,7,0,0,1,0,2,0
315.0,58.49999999999999,90.8,-1.44,180109.0,0,81.0,11,23,1,0,3,3,1,0,0,14,18,0,1,1,5,3,0,0,1
265.0,16.099999999999998,66.82000000000001,-5.059999999999999,180109.0,1,76.5,18,31,0,0,7,2,0,5,0,10,11,0,1,0,0,1,0,1,-1
285.0,37.10000000000001,139.98,-3.85,180110.0,0,79.0,10,31,0,0,3,4,0,5,0,13,14,0,1,0,5,0,0,0,1
290.0,-2.600000000000001,89.95999999999998,-1.5,180110.0,1,76.0,13,44,0,0,2,2,0,2,0,11,14,1,1,0,0,0,0,1,-1
285.0,48.70000000000001,125.02000000000001,5.84,180111.0,1,84.5,10,28,2,0,4,6,2,2,0,17,16,0,3,0,0,2,0,1,1
266.0,29.89999999999999,154.87,0.9300000000000002,180111.0,0,86.0,15,28,1,0,5,7,1,0,0,12,11,0,3,0,0,1,0,2,-1
277.0,26.099999999999998,124.13,-12.200000000000001,180112.0,0,78.0,19,29,0,0,7,6,0,1,0,13,11,0,1,0,0,2,0,3,-1
288.0,89.0,71.35000000000001,14.649999999999999,180112.0,1,83.5,9,26,3,0,2,3,3,0,0,16,20,0,4,0,5,5,0,0,1
294.0,7.000000000000001,95.85,-6.619999999999999,180113.0,0,72.5,17,36,0,0,6,7,0,0,0,7,13,0,2,0,0,1,0,3,-1
290.0,98.2,106.32,13.559999999999997,180113.0,1,81.5,13,24,2,0,1,3,3,1,0,19,16,0,2,0,6,4,0,0,1
282.0,27.200000000000003,114.73,-2.8600000000000003,180114.0,0,73.5,15,36,1,0,1,5,1,1,0,10,15,0,2,0,0,4,0,2,-1
262.0,58.0,109.9,1.15,180114.0,1,86.5,14,40,1,0,6,3,2,2,0,27,16,0,2,0,0,1,0,1,1
292.0,42.39999999999999,103.98,2.4299999999999997,180115.0,1,86.5,16,31,1,1,7,9,1,2,0,12,19,0,0,0,0,2,0,1,1
275.0,21.2,92.58000000000001,-3.43,180115.0,0,68.0,19,26,0,0,2,2,1,0,0,8,17,1,1,0,0,5,0,2,-1
264.0,94.3,164.88,7.260000000000001,180116.0,1,85.5,17,24,3,0,6,9,5,2,0,21,12,0,1,0,0,1,0,2,1
290.0,43.0,98.14000000000001,6.679999999999999,180116.0,0,70.0,12,37,2,0,2,3,2,2,0,15,17,0,3,0,0,6,0,5,-1
293.0,15.5,100.13,-3.13,180117.0,0,82.5,18,39,0,1,3,5,0,4,1,16,17,0,2,0,0,1,0,2,-1
277.0,64.4,139.99,7.3500000000000005,180117.0,1,79.0,17,29,1,0,6,8,2,2,0,10,18,0,0,0,5,0,0,0,1
294.0,52.60000000000001,75.81,4.57,180118.0,1,88.5,11,26,1,0,3,7,2,6,0,10,20,0,3,0,5,1,0,0,1
287.0,15.5,88.86,-7.459999999999997,180118.0,0,72.5,20,54,0,0,1,3,0,2,0,13,11,0,1,0,0,3,0,2,-1
284.0,19.999999999999996,125.03,-8.62,180119.0,0,82.5,16,31,0,0,4,2,0,2,0,17,14,0,3,0,0,1,0,1,-1
283.0,67.3,164.68999999999997,-1.6199999999999999,180119.0,1,87.5,14,48,1,0,4,5,1,4,0,21,17,0,4,0,5,4,0,0,1
288.0,39.2,95.82,1.75,180120.0,0,81.0,18,40,0,0,3,5,0,1,0,16,22,0,5,0,6,0,0,0,0
265.0,31.299999999999994,83.17,-2.1399999999999997,180120.0,1,72.0,22,36,0,0,3,3,0,5,0,5,20,0,2,0,5,3,0,0,0
276.0,67.1,135.63,3.7399999999999984,180121.0,0,90.5,10,28,0,0,0,3,1,4,0,22,18,0,1,0,6,2,0,0,1
285.0,28.700000000000003,136.0,-4.59,180121.0,1,80.5,18,25,0,1,2,4,0,2,0,17,10,0,1,0,0,0,0,1,-1
263.0,24.499999999999996,93.0,-8.77,180122.0,0,71.5,26,38,0,0,5,6,0,2,0,16,13,0,2,0,0,0,0,1,-1
316.0,76.49999999999999,69.54,10.260000000000002,180122.0,1,85.5,12,35,1,1,2,6,1,2,0,24,27,0,1,0,5,3,0,0,1
315.0,57.09999999999999,88.0,3.64,180123.0,1,81.0,13,26,1,0,2,5,1,3,0,12,12,0,2,0,5,2,0,0,1
266.0,6.600000000000001,157.64000000000001,-4.98,180123.0,0,70.0,13,36,0,0,6,3,0,0,0,9,15,0,2,1,0,2,0,1,-1
264.0,14.700000000000003,138.65,-0.9999999999999997,180124.0,0,76.0,12,35,0,1,1,4,0,2,0,7,8,0,1,0,0,3,0,1,-1
316.0,42.5,67.61,4.449999999999999,180124.0,1,82.0,8,39,1,0,3,6,1,3,0,10,13,0,2,0,5,0,0,0,1
315.0,21.6,83.13,-3.73,180125.0,0,79.0,15,23,0,1,4,2,0,4,0,13,14,0,1,0,0,1,0,1,-1
263.0,39.800000000000004,101.95,4.670000000000001,180125.0,1,81.5,13,34,1,0,4,5,1,2,0,5,17,0,2,0,5,1,0,0,1
266.0,68.5,137.16,13.059999999999999,180126.0,1,78.0,11,29,3,0,3,7,4,5,0,4,11,0,1,0,4,0,0,0,1
292.0,6.0,102.74000000000001,-4.94,180126.0,0,64.5,11,31,0,1,1,6,0,2,0,8,13,0,0,0,0,1,0,4,-1
276.0,39.4,123.41,0.029999999999998694,180127.0,1,72.5,9,28,1,0,6,5,2,1,0,19,20,0,5,0,0,1,0,1,1
277.0,42.8,154.93,-1.96,180127.0,0,81.5,19,38,0,0,4,6,1,2,0,20,11,0,2,0,0,3,0,2,-1
294.0,11.499999999999998,72.22999999999999,-4.139999999999999,180128.0,0,55.0,17,24,0,0,0,4,0,1,0,17,18,0,4,1,0,1,0,1,-1
275.0,40.8,103.83999999999999,3.5999999999999996,180128.0,1,79.0,17,25,1,0,2,4,1,1,0,5,18,0,6,0,7,0,0,0,1
293.0,39.49999999999999,114.45,4.8500000000000005,180129.0,1,78.5,21,39,0,0,4,4,0,1,0,12,24,0,1,0,5,1,0,0,0
265.0,34.60000000000001,78.47000000000001,0.3599999999999999,180129.0,0,74.5,24,39,0,0,1,3,0,0,0,6,20,0,1,0,6,1,0,0,0
282.0,46.80000000000001,116.42,5.92,180130.0,1,82.0,16,40,1,0,0,3,1,6,0,11,10,0,3,0,5,2,0,0,1
285.0,19.099999999999998,144.07000000000002,-1.0,180130.0,0,80.0,10,32,0,1,4,4,0,3,0,17,16,0,2,0,0,0,0,1,-1
316.0,47.9,68.09,-2.1800000000000006,180131.0,0,85.0,15,31,1,0,2,4,1,1,0,12,24,0,2,0,5,1,0,0,1
287.0,18.5,86.8,-1.7300000000000002,180131.0,1,77.5,22,31,0,0,4,5,0,0,1,14,16,0,2,0,0,1,0,1,-1
264.0,30.1,164.69,-7.92,180132.0,0,80.0,11,45,1,1,7,4,1,0,0,19,11,0,3,1,0,0,0,2,-1
284.0,53.199999999999996,146.61999999999998,5.939999999999999,180132.0,1,84.5,10,30,1,0,0,4,2,4,0,22,10,0,2,0,0,3,0,1,1
262.0,67.4,115.44000000000001,5.68,180133.0,0,87.0,16,25,0,2,1,4,2,4,0,13,10,0,0,0,5,0,0,0,1
288.0,-0.7000000000000002,94.28,-6.29,180133.0,1,61.5,10,36,0,0,2,5,0,1,0,13,18,0,2,1,0,0,0,2,-1
283.0,47.8,156.1,-1.6599999999999997,180134.0,0,90.0,18,16,1,0,4,2,1,1,0,1,18,0,4,0,6,3,0,0,1
290.0,-1.9000000000000001,81.26000000000002,-6.73,180134.0,1,80.5,16,35,0,0,3,4,0,1,1,9,19,0,4,0,0,1,0,1,-1
263.0,34.4,79.21000000000002,4.07,180135.0,1,89.5,17,30,2,0,1,3,2,0,0,9,13,0,2,0,0,1,0,1,1
262.0,24.200000000000003,72.61,-7.480000000000001,180135.0,0,76.5,12,32,0,1,2,5,1,3,0,14,17,0,1,0,0,1,0,2,-1
277.0,11.799999999999999,130.39000000000001,-5.32,180136.0,0,69.5,11,26,0,0,3,2,0,3,0,11,9,0,2,0,0,1,0,1,-1
263.0,54.50000000000001,110.94,1.17,180136.0,1,83.0,9,24,0,0,4,5,1,0,0,11,14,0,2,0,5,3,0,0,1
292.0,74.7,110.71999999999998,12.08,180137.0,1,82.5,15,25,1,0,4,7,2,0,0,14,22,0,3,0,7,1,0,0,1
288.0,20.1,96.36,0.26,180137.0,0,78.5,21,31,0,2,1,3,0,2,0,14,16,0,4,0,0,2,0,2,-1
266.0,25.5,152.82000000000002,-6.589999999999999,180138.0,0,83.0,20,31,0,0,3,5,1,3,0,14,18,0,2,0,0,1,0,1,0
264.0,20.499999999999996,157.68,-3.59,180138.0,1,78.5,18,25,1,1,1,8,1,1,0,7,21,0,3,0,0,1,0,1,0
275.0,28.2,99.62,-2.9,180139.0,1,70.5,29,33,0,0,3,4,0,5,0,14,13,0,2,0,0,3,0,1,-1
285.0,60.699999999999996,131.66,5.579999999999999,180139.0,0,94.0,13,20,1,0,4,3,1,1,0,18,32,0,3,0,6,1,0,0,1
266.0,42.7,144.76000000000002,-4.420000000000001,180140.0,1,87.0,10,36,2,0,3,8,2,2,0,12,15,0,1,0,0,2,0,1,1
293.0,37.00000000000001,104.25,-1.0800000000000005,180140.0,0,83.0,14,31,1,0,5,5,1,2,0,14,10,0,1,0,0,2,0,2,-1
282.0,67.7,74.07000000000001,6.949999999999999,180141.0,0,74.0,17,27,0,0,5,11,0,1,0,23,22,0,3,0,6,1,0,0,0
263.0,54.4,55.029999999999994,5.330000000000001,180141.0,1,79.0,21,42,0,0,3,5,0,2,0,25,17,0,3,0,4,1,0,0,0
294.0,37.5,101.63999999999999,1.5299999999999998,180142.0,1,87.5,15,23,0,1,6,7,0,1,0,10,20,0,2,0,4,0,0,0,0
282.0,87.80000000000001,136.67,9.1,180142.0,0,81.5,20,30,0,2,1,4,0,1,0,30,17,0,4,0,6,4,0,0,0
283.0,62.1,157.92,3.200000000000001,180143.0,1,86.5,14,34,4,0,3,12,4,1,0,12,12,0,4,0,0,0,0,2,1
315.0,25.999999999999996,89.57,0.55,180143.0,0,77.5,11,20,2,0,2,3,2,0,0,7,15,0,3,0,0,2,0,4,-1
287.0,14.2,78.83,-0.1299999999999999,180144.0,1,70.0,16,31,0,0,5,1,1,1,1,9,15,0,2,0,0,2,0,2,-1
262.0,32.60000000000001,111.71,-3.9599999999999995,180144.0,0,83.0,14,26,1,1,2,5,2,1,0,7,20,0,3,0,0,1,1,1,1
290.0,15.899999999999999,110.23000000000002,-8.079999999999998,180145.0,0,75.0,10,33,0,0,2,4,0,2,0,15,9,0,2,0,0,2,0,3,-1
276.0,85.0,157.48999999999998,7.28,180145.0,1,87.5,9,35,3,0,3,4,3,3,0,16,11,0,1,0,5,1,0,0,1
264.0,30.400000000000002,147.58,-3.5300000000000002,180146.0,0,86.0,17,31,0,1,5,5,1,2,0,16,14,0,3,0,0,0,0,1,0
275.0,25.099999999999998,89.38999999999999,-1.979999999999999,180146.0,1,77.5,13,13,1,1,3,6,1,3,0,9,16,0,4,0,0,1,0,1,0
276.0,15.9,103.09,-6.890000000000001,180147.0,0,78.0,12,43,0,0,3,6,0,2,0,13,15,0,1,0,0,2,0,1,-1
292.0,71.3,89.85000000000001,6.769999999999999,180147.0,1,81.5,15,45,1,1,3,4,1,0,0,20,14,0,0,0,5,1,0,0,1
288.0,32.2,42.86,2.3400000000000003,180148.0,0,82.0,8,34,1,0,0,5,1,5,0,17,11,0,2,0,0,3,0,2,-1
264.0,52.5,135.49,5.88,180148.0,1,79.0,10,47,1,3,7,6,2,1,0,17,7,0,2,0,0,0,0,1,1
275.0,22.8,91.33999999999999,-0.28,180149.0,1,81.5,17,26,0,0,3,6,1,2,0,7,18,0,1,0,0,3,0,1,0
293.0,41.9,61.93,3.170000000000001,180149.0,0,78.0,19,23,1,0,5,5,1,1,0,15,19,0,2,0,0,3,0,1,0
294.0,50.10000000000001,103.98000000000002,-3.0,180150.0,1,80.5,8,37,1,0,4,2,1,0,0,24,10,0,2,0,0,3,0,1,0
284.0,28.399999999999995,123.28000000000002,-6.25,180150.0,0,80.0,10,44,1,1,3,3,1,1,0,15,8,0,5,0,0,2,0,1,0
265.0,35.800000000000004,57.66,-0.9200000000000006,180151.0,0,79.0,21,25,2,0,1,3,2,6,0,11,14,0,1,0,0,1,0,3,-1
294.0,40.39999999999999,107.67,0.05999999999999908,180151.0,1,86.5,12,22,2,0,5,5,3,0,0,10,23,0,3,0,0,1,0,2,1
266.0,5.6000000000000005,141.14000000000004,-13.82,180152.0,0,77.5,18,40,0,0,3,3,1,3,0,5,11,0,4,0,0,2,0,2,-1
283.0,39.6,140.01000000000002,-4.759999999999999,180152.0,1,81.5,11,35,2,0,2,10,2,5,0,13,18,0,1,0,0,1,0,1,1
284.0,37.699999999999996,146.57,-2.8600000000000003,180153.0,1,89.5,15,24,1,0,5,5,1,1,0,7,25,0,4,0,5,0,0,0,1
265.0,13.7,89.97,-4.25,180153.0,0,81.5,25,34,0,0,1,4,0,3,0,13,16,0,3,0,0,1,0,1,-1
277.0,79.69999999999999,119.42000000000002,0.7199999999999998,180154.0,0,78.0,15,23,1,1,5,4,1,2,0,19,13,0,3,0,6,2,0,0,1
287.0,19.099999999999998,73.29,-0.04999999999999999,180154.0,1,80.0,12,34,0,0,6,7,0,1,0,12,17,0,0,0,0,1,0,1,-1
316.0,29.9,68.85,-3.5900000000000007,180155.0,1,89.0,13,23,1,0,2,3,1,1,0,11,20,0,1,0,0,3,0,1,0
276.0,20.9,103.44,-0.4700000000000002,180155.0,0,70.5,19,39,0,0,3,4,1,0,0,14,13,0,2,1,0,1,0,1,0
282.0,58.79999999999999,110.04,3.6500000000000004,180156.0,1,87.5,19,19,1,0,3,4,3,2,0,21,13,0,1,1,0,1,0,2,1
292.0,34.6,87.85,3.25,180156.0,0,77.0,12,19,1,0,2,4,2,1,0,15,17,0,4,0,0,2,0,3,-1
290.0,48.3,80.75999999999999,8.26,180157.0,1,80.5,15,33,3,0,5,4,3,0,0,7,12,0,0,0,0,0,0,1,1
293.0,17.8,98.85000000000001,-3.2500000000000004,180157.0,0,63.5,12,26,1,0,0,7,1,2,0,6,15,0,0,0,0,2,0,3,-1
284.0,20.6,131.75,-2.7200000000000006,180158.0,1,80.5,11,30,0,1,4,9,1,1,0,9,15,0,3,0,0,1,0,1,0
262.0,43.300000000000004,54.14,-2.4299999999999997,180158.0,0,77.0,15,29,1,0,4,5,1,0,0,20,12,0,0,1,0,1,0,1,0
288.0,25.700000000000003,72.29,-1.4699999999999998,180159.0,0,73.0,6,35,1,1,7,3,1,3,0,13,22,0,4,0,0,4,0,3,-1
287.0,69.3,85.92,8.11,180159.0,1,73.0,21,30,1,0,5,5,3,0,0,14,7,0,0,0,0,4,0,1,1
316.0,9.600000000000001,57.290000000000006,-3.4399999999999995,180160.0,1,78.5,12,17,1,0,5,4,1,1,0,12,24,0,2,3,0,1,0,2,-1
285.0,41.10000000000001,99.17000000000002,-2.63,180160.0,0,73.5,24,27,2,0,3,6,3,0,0,10,12,0,2,2,0,3,0,1,1
262.0,31.9,89.5,-1.48,180161.0,1,83.0,13,39,0,0,2,4,0,2,0,19,8,0,1,0,0,3,0,1,-1
284.0,51.099999999999994,126.91999999999999,0.44000000000000017,180161.0,0,87.0,8,33,1,0,5,2,1,0,0,13,13,0,2,0,4,2,0,0,1
265.0,28.3,68.01,1.2000000000000004,180162.0,0,73.5,27,24,0,2,3,2,0,3,0,13,14,0,4,0,0,3,0,2,-1
285.0,78.1,134.04,6.249999999999999,180162.0,1,90.5,14,27,2,0,5,6,2,0,0,15,27,0,2,0,6,2,0,0,1
315.0,41.8,62.2,1.7399999999999998,180163.0,0,65.0,15,32,1,0,4,4,2,1,0,18,14,0,1,0,0,1,0,4,-1
290.0,54.8,91.38000000000001,7.35,180163.0,1,81.0,14,16,2,0,3,4,4,2,0,9,15,0,2,0,0,2,0,2,1
283.0,65.0,146.69,1.4000000000000001,180164.0,0,90.5,13,26,0,0,1,5,3,4,0,34,20,0,4,0,0,2,0,3,0
266.0,50.4,138.42000000000002,0.9,180164.0,1,73.0,19,14,2,0,3,2,3,1,0,11,13,0,1,0,0,1,0,3,0
316.0,51.2,73.41,6.1800000000000015,180165.0,1,87.0,19,20,1,1,1,3,1,0,0,23,14,0,1,0,0,0,0,1,0
283.0,22.1,151.69,-1.7600000000000002,180165.0,0,88.0,13,31,1,0,4,1,1,2,0,11,19,0,1,0,0,1,0,1,0
262.0,86.0,116.32,9.65,180166.0,1,86.5,8,36,3,1,4,4,3,1,0,10,16,0,3,0,7,2,0,0,1
287.0,8.2,70.55,0.7699999999999999,180166.0,0,63.0,14,35,0,1,4,2,0,1,0,14,9,1,3,1,0,3,0,4,-1
292.0,16.099999999999998,85.86,-8.75,180167.0,0,70.0,11,20,0,0,0,5,0,3,0,18,16,1,2,0,0,2,0,2,-1
276.0,64.5,124.02999999999999,1.8199999999999998,180167.0,1,76.0,16,43,1,1,2,5,1,2,0,17,11,0,0,0,5,0,0,0,1
287.0,38.599999999999994,73.36000000000001,4.8999999999999995,180168.0,0,72.0,17,34,1,0,5,2,1,2,0,17,12,0,5,0,0,5,0,3,-1
277.0,64.5,147.57,7.54,180168.0,1,87.0,11,44,2,0,7,8,3,2,0,23,17,0,1,0,0,0,0,1,1
275.0,16.2,68.72000000000001,-1.4199999999999995,180169.0,0,76.5,13,21,0,1,3,4,1,2,0,6,13,0,0,1,0,1,0,1,0
293.0,17.1,97.03999999999999,-0.9000000000000001,180169.0,1,83.5,11,11,1,1,4,5,1,7,0,2,14,0,3,0,0,2,0,1,0
266.0,62.0,118.5,8.71,180170.0,1,72.5,10,30,1,0,1,3,4,1,0,12,14,0,0,1,0,5,1,2,1
264.0,11.8,153.67000000000002,-7.260000000000001,180170.0,0,77.5,16,35,1,0,9,5,2,1,1,9,13,1,4,0,0,0,0,5,-1
282.0,46.10000000000001,97.0,-1.7300000000000002,180171.0,1,83.0,11,42,1,0,7,3,1,2,0,13,18,0,3,0,5,0,0,0,1
263.0,18.7,66.13999999999999,-2.1900000000000004,180171.0,0,70.0,15,33,0,0,2,0,0,3,0,18,10,0,2,1,0,2,0,1,-1
294.0,43.6,83.22,1.7700000000000005,180172.0,0,78.0,22,35,0,0,1,5,0,1,0,18,21,0,2,0,4,1,0,0,0
265.0,53.5,90.16999999999999,4.2600000000000025,180172.0,1,78.0,21,24,0,0,6,2,0,7,0,19,22,0,5,0,7,0,0,0,0
277.0,29.3,101.99000000000001,2.26,180173.0,0,88.0,13,20,1,0,6,6,1,4,0,13,15,0,4,0,0,1,0,1,0
315.0,41.50000000000001,92.3,-1.57,180173.0,1,87.0,14,38,1,0,3,8,1,2,0,14,13,0,1,0,0,4,0,1,0
316.0,30.6,69.29,-0.2800000000000004,180174.0,0,83.0,17,41,2,1,2,0,3,3,0,12,24,0,3,1,0,1,0,2,1
285.0,30.6,129.61,-6.23,180174.0,1,74.0,23,29,0,0,3,5,2,1,0,14,18,0,3,0,0,1,0,3,-1
276.0,24.900000000000002,134.45,-5.25,180175.0,1,76.0,23,36,1,0,2,6,1,1,0,10,11,0,2,0,0,0,0,1,0
316.0,27.699999999999996,61.199999999999996,-4.6899999999999995,180175.0,0,85.0,10,18,0,2,0,6,1,1,0,17,25,0,3,1,0,2,0,1,0
288.0,33.199999999999996,86.45,1.7700000000000005,180176.0,1,82.0,16,16,0,0,3,6,0,4,0,4,26,0,4,0,6,3,0,0,0
264.0,44.099999999999994,131.95000000000002,2.74,180176.0,0,82.0,24,29,0,0,6,3,0,0,0,11,16,0,3,0,5,1,0,0,0
263.0,17.200000000000003,63.1,-3.6,180177.0,0,70.5,14,29,0,0,2,6,0,1,0,11,17,0,1,0,0,3,0,2,-1
277.0,74.5,118.89000000000001,10.139999999999999,180177.0,1,87.0,16,28,1,1,7,8,2,4,0,14,14,0,1,0,5,0,0,0,1
290.0,49.300000000000004,80.44,0.6899999999999986,180178.0,0,68.0,16,26,0,0,3,2,0,0,0,11,16,0,1,0,6,2,0,0,0
315.0,35.6,80.82999999999998,0.47999999999999954,180178.0,1,74.5,17,33,0,1,4,5,0,3,0,5,16,0,2,0,5,2,0,0,0
290.0,7.500000000000001,112.64,-1.7799999999999996,180179.0,0,74.5,8,25,0,0,4,3,0,2,0,12,7,0,4,2,0,3,0,1,-1
293.0,48.7,95.41,2.6999999999999997,180179.0,1,83.0,7,19,1,0,5,7,1,7,0,5,8,0,2,0,5,2,0,0,1
315.0,16.3,82.95999999999998,-4.39,180180.0,0,71.0,11,18,0,0,3,8,0,2,0,8,14,0,1,0,0,1,1,3,-1
262.0,74.9,107.13000000000001,8.67,180180.0,1,89.0,13,31,2,1,3,1,3,1,1,10,11,0,2,0,6,1,0,0,1
282.0,12.999999999999998,112.23000000000002,-7.63,180181.0,1,82.5,13,29,1,0,4,7,1,11,0,9,13,0,3,0,0,0,0,2,-1
294.0,25.4,97.53999999999999,-4.48,180181.0,0,86.5,13,19,2,0,0,0,2,3,0,8,13,0,4,0,0,1,0,1,1
284.0,20.699999999999996,125.35000000000001,1.3200000000000003,180182.0,0,67.0,14,47,0,0,4,8,0,0,0,11,3,0,2,1,0,4,0,1,-1
265.0,46.9,67.55999999999999,3.9099999999999993,180182.0,1,92.0,3,36,0,0,8,3,1,1,0,8,14,0,2,0,6,2,0,0,1
263.0,20.799999999999997,73.00999999999999,0.7600000000000002,180183.0,1,72.0,26,31,0,0,3,9,0,2,1,9,14,0,0,0,0,2,0,1,-1
316.0,55.10000000000001,67.24000000000001,10.040000000000001,180183.0,0,82.5,14,27,1,0,2,2,1,2,0,14,28,0,4,0,6,3,0,0,1
292.0,54.3,97.11,3.9199999999999995,180184.0,1,75.5,20,31,0,0,6,4,1,2,0,14,16,0,3,0,5,1,0,0,1
316.0,9.0,63.3,-4.390000000000001,180184.0,0,80.5,16,23,0,0,4,3,0,1,0,9,20,0,2,0,0,1,0,1,-1
262.0,40.400000000000006,113.46000000000002,0.6799999999999993,180185.0,1,88.0,12,29,3,0,3,2,3,3,1,11,22,0,1,0,0,1,0,2,1
294.0,41.39999999999999,107.94,0.0499999999999996,180185.0,0,75.5,22,38,2,0,6,6,2,0,0,8,12,0,3,0,0,1,1,3,-1
285.0,35.300000000000004,111.36999999999999,2.96,180186.0,1,79.5,16,23,3,0,1,4,1,0,0,12,10,0,2,1,0,1,0,1,1
275.0,7.799999999999999,92.19,-2.3899999999999997,180186.0,0,64.0,11,23,1,0,1,3,1,1,0,13,25,0,0,2,0,0,0,3,-1
263.0,5.600000000000001,64.74,-2.26,180187.0,0,78.0,19,26,0,0,2,2,0,4,0,10,19,0,3,0,0,1,0,1,-1
266.0,20.699999999999992,122.65999999999998,5.390000000000001,180187.0,1,75.0,17,34,1,0,2,5,1,1,0,7,19,0,4,0,2,0,0,0,1
266.0,8.9,138.03000000000003,-2.7199999999999993,180188.0,1,67.5,17,33,0,0,4,4,0,2,0,15,10,0,4,0,0,0,0,4,-1
315.0,64.39999999999999,100.44,4.6000000000000005,180188.0,0,93.5,9,22,3,0,1,5,4,0,0,15,19,1,1,0,0,3,0,1,1
294.0,33.49999999999999,100.46000000000002,-2.54,180189.0,0,78.5,10,24,0,0,3,2,2,0,0,9,10,0,0,0,0,3,0,2,0
264.0,51.10000000000001,119.72999999999999,5.16,180189.0,1,78.5,8,39,2,0,7,7,2,3,0,17,11,0,0,0,0,1,0,2,0
276.0,87.80000000000001,164.92,7.029999999999999,180190.0,1,89.5,22,25,2,0,2,3,2,2,0,26,22,0,3,0,5,1,0,0,1
275.0,7.000000000000001,90.78999999999999,-0.6499999999999999,180190.0,0,71.0,21,20,0,0,1,6,0,0,0,9,22,0,3,0,0,1,0,2,-1
288.0,13.1,51.68000000000001,-1.08,180191.0,1,71.5,18,27,0,0,0,5,2,2,0,6,21,0,4,0,0,2,0,2,0
292.0,32.6,93.77999999999999,1.5699999999999994,180191.0,0,78.5,18,33,2,1,2,1,2,2,0,9,18,0,0,0,0,0,0,2,0
277.0,13.2,105.49,-6.78,180192.0,1,69.5,18,10,0,0,4,2,0,3,0,9,12,0,2,0,0,0,0,1,-1
283.0,75.40000000000002,150.19000000000003,5.549999999999999,180192.0,0,90.0,12,24,1,1,0,4,1,1,0,24,18,0,1,0,5,1,0,0,1
285.0,0.0,92.67999999999998,0.0,180193.0,0,84.0,0,0,0,0,0,0,0,0,0,0,0,0,0,0,0,0,0,0,0
276.0,0.0,125.96000000000001,0.0,180193.0,1,70.0,0,0,0,0,0,0,0,0,0,0,0,0,0,0,0,0,0,0,0
283.0,52.10000000000001,75.83999999999999,4.029999999999999,180194.0,0,80.5,10,29,1,0,2,6,1,1,0,23,6,0,0,0,0,1,0,1,0
315.0,16.3,84.92000000000002,-7.790000000000002,180194.0,1,86.0,6,22,1,0,1,3,1,0,0,9,11,0,2,0,0,0,0,1,0
293.0,12.5,97.01,-5.21,180195.0,1,74.0,17,28,0,0,3,3,0,0,1,9,9,0,2,0,0,2,0,1,-1
292.0,47.4,88.23,3.8499999999999996,180195.0,0,79.5,9,20,0,0,3,3,1,0,0,9,19,0,1,0,5,0,1,0,1
316.0,5.3,62.49000000000001,-4.409999999999999,180196.0,0,87.5,9,39,1,0,2,4,1,1,0,6,20,0,3,0,0,1,0,1,0
282.0,29.699999999999996,94.81,-7.140000000000001,180196.0,1,91.0,18,21,1,0,3,10,1,1,0,5,10,0,0,0,0,1,0,1,0
292.0,49.2,101.64000000000001,0.20999999999999996,180197.0,0,86.0,7,20,1,0,4,2,2,0,0,4,9,0,1,0,5,0,0,0,1
275.0,14.299999999999995,89.57,0.2999999999999996,180197.0,1,63.5,7,42,0,0,3,8,0,1,0,14,7,0,2,0,0,1,0,2,-1
265.0,20.299999999999997,64.16,-0.4600000000000001,180198.0,1,84.5,19,26,1,1,4,6,1,3,0,7,17,0,2,0,0,0,0,2,-1
264.0,39.0,130.01,-0.4300000000000004,180198.0,0,90.5,17,35,2,0,1,7,2,0,0,13,20,0,2,0,0,1,0,1,1
277.0,42.900000000000006,130.31,3.67,180199.0,1,82.0,18,25,1,2,4,8,1,4,0,14,16,0,2,0,0,2,0,2,-1
285.0,33.2,120.06,-5.829999999999999,180199.0,0,87.5,15,33,2,0,3,2,2,2,0,16,18,0,5,0,0,0,0,1,1
290.0,16.499999999999996,87.39,-10.64,180200.0,0,69.5,20,16,0,0,1,4,0,1,0,10,20,0,3,0,0,3,0,1,-1
285.0,56.0,115.13999999999999,7.319999999999999,180200.0,1,86.0,20,24,0,1,4,4,1,2,0,12,21,0,2,0,6,0,0,1,1
282.0,15.3,104.53000000000002,-5.1000000000000005,180201.0,0,83.0,5,31,0,0,5,3,0,0,0,15,13,0,1,0,0,0,0,1,-1
293.0,62.1,88.78,6.119999999999999,180201.0,1,83.0,12,30,0,0,0,4,1,1,0,19,7,0,1,0,5,1,0,0,1
277.0,23.5,124.57,2.09,180202.0,0,77.0,12,19,1,0,0,5,1,3,0,11,13,0,1,0,0,0,0,1,0
293.0,26.200000000000003,97.66999999999999,2.7,180202.0,1,85.5,13,25,1,1,2,6,1,1,0,10,12,0,2,0,0,0,0,1,0
288.0,9.200000000000003,71.53,-4.56,180203.0,1,77.0,14,39,0,0,5,5,0,3,0,12,11,0,4,0,0,2,0,3,-1
284.0,75.60000000000002,140.44,3.8999999999999995,180203.0,0,83.5,9,25,2,1,5,4,3,0,0,14,13,0,2,0,4,0,0,0,1
315.0,25.900000000000002,75.17,3.4299999999999997,180204.0,1,67.5,12,30,0,1,4,5,0,2,0,17,16,0,0,0,0,0,0,1,-1
287.0,62.6,96.53000000000002,6.420000000000002,180204.0,0,83.0,14,31,1,0,1,6,1,2,0,11,12,0,3,0,7,2,0,0,1
283.0,31.199999999999996,145.70000000000002,-1.2300000000000004,180205.0,1,74.0,11,43,0,0,4,3,2,1,0,20,16,1,2,0,0,1,0,1,1
263.0,3.4000000000000012,66.86,-3.3400000000000007,180205.0,0,66.5,15,34,0,0,1,2,0,2,0,11,14,0,3,0,0,1,0,2,-1
262.0,5.299999999999999,97.16999999999999,-6.32,180206.0,0,71.5,16,31,0,0,0,1,0,8,0,7,12,0,0,0,0,4,0,4,-1
282.0,83.5,120.97999999999998,6.8,180206.0,1,97.5,12,32,2,1,5,5,4,4,0,13,16,0,2,0,5,0,0,0,1
275.0,50.699999999999996,94.41999999999999,4.6899999999999995,180207.0,0,82.5,13,27,1,0,2,3,1,1,0,16,27,0,3,0,5,1,0,0,1
265.0,34.0,80.85,-0.06000000000000054,180207.0,1,74.0,27,27,0,1,5,6,0,3,0,17,13,0,3,0,0,1,0,1,-1
287.0,15.7,89.35,-7.689999999999999,180208.0,1,75.5,20,55,1,0,2,3,1,1,0,13,23,0,3,0,0,1,0,1,0
294.0,28.599999999999994,103.69000000000001,-3.9099999999999997,180208.0,0,81.5,21,38,1,0,1,3,1,4,0,17,21,0,2,0,0,1,0,1,0
263.0,30.1,76.64000000000001,2.7699999999999996,180209.0,1,64.0,17,46,0,1,6,5,0,2,0,17,11,0,0,1,0,3,0,2,-1
293.0,56.00000000000001,100.99999999999999,0.0399999999999997,180209.0,0,82.5,11,31,2,0,5,3,2,6,0,6,17,0,0,0,5,1,0,0,1
284.0,57.00000000000001,118.97999999999999,4.84,180210.0,1,79.0,12,34,0,0,4,4,0,4,0,22,18,0,0,0,5,1,0,0,1
287.0,7.699999999999999,71.67,-6.4799999999999995,180210.0,0,64.5,18,25,0,0,1,3,0,1,0,8,12,1,1,0,0,2,0,1,-1
292.0,31.1,92.91000000000001,-5.120000000000001,180211.0,1,70.0,13,38,1,0,4,6,2,1,0,14,13,0,3,0,0,0,0,2,0
262.0,35.9,101.86,-7.290000000000001,180211.0,0,72.5,12,31,2,0,2,7,2,2,0,14,13,0,3,0,0,0,0,2,0
264.0,65.5,147.53,1.13,180212.0,1,82.5,18,27,1,1,5,6,1,1,0,17,21,0,2,0,5,0,0,0,1
277.0,30.099999999999998,132.06,-1.7500000000000007,180212.0,0,78.5,16,29,0,0,2,3,0,3,0,16,16,0,2,0,0,5,0,1,-1
282.0,79.50000000000001,85.93,7.040000000000001,180213.0,0,83.5,14,25,2,0,1,5,2,0,0,10,15,0,1,0,6,4,0,0,1
275.0,21.2,91.65,-7.440000000000001,180213.0,1,73.5,14,35,0,0,11,4,0,3,0,12,14,0,0,0,0,1,0,2,-1
276.0,41.4,147.73,-5.7399999999999975,180214.0,0,90.0,15,24,2,0,4,7,2,1,0,11,18,0,2,0,0,1,0,1,1
288.0,32.599999999999994,83.51999999999998,2.1599999999999997,180214.0,1,80.5,18,27,0,0,4,4,1,5,0,17,15,0,2,0,0,2,0,2,-1
266.0,3.5999999999999988,154.78,-12.649999999999999,180215.0,0,77.5,24,41,0,0,4,2,0,0,0,10,13,0,5,0,0,0,0,1,-1
294.0,49.400000000000006,93.75999999999999,3.0199999999999996,180215.0,1,90.0,12,26,1,0,3,5,1,4,0,11,24,0,2,0,5,2,0,0,1
284.0,15.2,144.5,-11.709999999999999,180216.0,1,79.0,23,39,0,1,3,2,1,2,0,10,15,0,4,0,0,1,0,2,-1
283.0,40.00000000000001,143.70000000000002,-2.7399999999999998,180216.0,0,87.5,15,28,1,0,2,5,2,2,0,17,23,0,3,0,0,2,0,1,1
290.0,4.7,102.70999999999998,-2.7800000000000007,180217.0,1,72.0,19,33,0,0,3,8,0,3,0,5,13,0,0,0,0,0,0,2,-1
266.0,56.199999999999996,146.45000000000002,3.48,180217.0,0,84.5,14,24,2,0,2,1,2,4,0,11,24,0,3,0,4,3,0,0,1
283.0,37.4,144.93000000000004,-1.7400000000000004,180218.0,1,88.0,13,25,2,0,9,6,3,0,0,6,20,0,5,0,0,1,0,1,1
288.0,43.4,74.32,2.4199999999999995,180218.0,0,82.0,19,17,1,1,3,5,1,3,0,10,13,0,4,0,0,7,0,3,-1
265.0,79.39999999999999,77.06,10.149999999999999,180219.0,0,85.0,22,24,1,0,5,4,1,1,0,19,20,0,1,0,7,0,0,0,1
288.0,26.699999999999996,68.77999999999999,1.7599999999999998,180219.0,1,74.0,20,32,0,1,2,4,0,1,0,19,22,0,4,0,0,2,0,1,-1
264.0,44.0,118.11000000000003,0.030000000000000027,180220.0,0,86.0,15,33,0,0,6,6,0,5,0,11,10,0,0,0,5,0,0,0,1
290.0,7.499999999999999,98.71000000000001,-4.98,180220.0,1,71.0,9,36,0,0,1,0,0,1,0,14,15,1,2,0,0,3,0,1,-1
287.0,31.0,85.59,0.8000000000000002,180221.0,1,66.0,11,33,1,1,5,6,1,2,0,11,12,0,2,0,0,2,0,2,-1
276.0,43.599999999999994,128.69,0.6399999999999999,180221.0,0,83.5,12,43,2,1,3,2,2,3,0,13,12,0,1,0,0,2,0,1,1
285.0,31.0,118.16000000000001,-3.22,180222.0,0,68.0,14,31,1,0,3,4,1,0,0,20,17,0,3,0,0,1,0,4,-1
284.0,79.60000000000001,146.36999999999998,4.34,180222.0,1,95.5,16,34,4,0,5,3,4,4,0,21,16,0,2,0,0,1,0,1,1
315.0,12.000000000000002,71.15,-2.38,180223.0,0,70.0,13,30,0,0,2,5,0,2,0,10,16,0,0,0,0,1,0,1,-1
316.0,52.8,69.96000000000001,5.789999999999999,180223.0,1,86.0,15,22,1,0,4,3,1,1,0,14,15,0,4,0,5,0,0,0,1
265.0,24.9,71.16999999999999,-1.27,180224.0,0,69.5,12,34,0,1,1,5,0,1,0,18,14,0,1,0,0,2,0,3,-1
290.0,107.6,113.56,16.73,180224.0,1,79.0,13,16,2,0,6,3,3,1,0,24,11,0,2,0,6,1,0,0,1
288.0,22.2,48.42999999999999,4.17,180225.0,0,73.0,11,35,1,0,4,2,1,1,0,14,15,0,4,0,0,1,0,1,0
262.0,34.0,112.13999999999999,3.9199999999999995,180225.0,1,84.5,14,41,1,0,6,5,1,1,0,9,12,0,1,0,0,4,0,1,0
285.0,23.6,111.24000000000001,0.5099999999999999,180226.0,0,66.0,18,32,0,0,5,2,0,0,0,14,12,0,1,0,0,2,0,2,-1
262.0,67.19999999999999,120.14,7.599999999999998,180226.0,1,89.5,11,37,1,0,3,3,2,1,0,16,20,0,2,0,5,3,0,0,1
292.0,20.5,86.50000000000001,-4.469999999999999,180227.0,1,68.5,13,32,2,1,2,3,2,3,0,10,21,1,4,0,0,1,0,2,0
266.0,24.400000000000002,135.17000000000002,2.29,180227.0,0,78.5,20,37,1,0,1,5,1,2,0,10,16,0,1,0,0,2,0,2,0
292.0,10.700000000000001,90.57000000000001,-2.9599999999999995,180228.0,1,80.5,11,43,0,1,5,3,0,2,0,10,21,0,1,0,0,2,0,1,-1
290.0,57.699999999999996,106.50999999999998,3.79,180228.0,0,79.0,19,24,1,0,4,7,1,0,0,5,10,0,4,0,7,1,0,0,1
287.0,20.9,92.25000000000001,-0.23999999999999966,180229.0,0,79.5,16,25,0,1,1,5,1,3,0,7,12,0,1,0,0,2,0,2,-1
264.0,36.7,122.68999999999998,-1.0899999999999994,180229.0,1,76.0,11,41,1,1,1,4,2,0,0,16,16,0,1,0,0,0,0,1,1
277.0,5.599999999999999,148.33999999999997,-6.5200000000000005,180230.0,1,70.5,13,22,0,1,3,3,0,5,0,8,16,0,2,0,0,0,0,1,-1
266.0,51.2,108.82000000000001,5.329999999999999,180230.0,0,75.0,16,22,1,0,4,5,1,1,0,14,16,0,1,0,2,2,0,0,1
264.0,57.6,160.93,2.31,180231.0,1,88.5,16,25,1,2,5,6,1,0,0,7,14,0,1,0,5,0,0,0,1
284.0,5.499999999999999,125.0,-3.81,180231.0,0,76.5,13,22,0,0,3,5,0,5,0,8,18,0,2,0,0,1,0,1,-1
263.0,17.9,74.68,-0.7699999999999996,180232.0,0,73.5,17,36,0,0,4,3,0,1,0,18,18,0,2,1,0,2,0,2,-1
294.0,63.40000000000001,112.67999999999998,8.349999999999998,180232.0,1,87.5,16,21,2,1,3,5,2,3,0,11,17,0,3,0,4,1,0,0,1
283.0,30.300000000000004,159.82,-5.52,180233.0,1,88.5,10,32,0,0,8,13,1,1,0,9,14,0,1,0,0,2,0,1,0
275.0,36.9,91.14000000000001,4.0200000000000005,180233.0,0,88.0,12,41,1,1,3,3,1,0,0,13,11,0,4,0,0,5,0,1,0
277.0,30.5,152.89,-0.26,180234.0,1,81.0,9,22,0,1,4,5,0,1,0,18,13,0,3,0,0,2,0,1,-1
276.0,64.49999999999999,135.75,1.05,180234.0,0,85.0,12,32,0,0,3,2,1,0,0,16,9,0,1,0,7,0,0,0,1
265.0,16.6,68.34,-2.22,180235.0,1,80.0,16,29,1,0,3,8,1,6,0,6,11,0,1,1,0,1,0,1,0
282.0,17.3,112.3,-7.16,180235.0,0,85.5,10,31,1,0,6,9,1,3,0,9,21,0,3,1,0,2,0,1,0
316.0,-0.5999999999999983,59.720000000000006,-11.120000000000001,180236.0,0,74.5,14,50,0,0,4,4,0,2,0,13,21,0,3,1,0,1,0,1,-1
284.0,65.4,119.58000000000001,6.409999999999999,180236.0,1,81.0,19,32,0,1,5,5,1,2,0,20,15,0,3,0,4,2,0,0,1
293.0,47.1,92.60000000000001,1.299999999999999,180237.0,0,79.0,19,12,0,0,3,3,1,4,0,8,17,0,3,0,5,2,0,0,1
288.0,15.2,82.38999999999999,-4.079999999999999,180237.0,1,80.5,17,42,0,0,4,9,0,6,0,15,19,0,4,0,0,2,0,1,-1
294.0,62.0,110.51000000000002,6.6,180238.0,1,82.0,20,26,1,0,8,4,2,1,0,10,21,0,3,0,5,1,0,0,1
275.0,19.999999999999996,104.36000000000001,-0.31000000000000005,180238.0,0,67.5,21,26,0,0,2,3,0,2,0,16,20,0,4,0,0,3,0,2,-1
276.0,37.800000000000004,121.22999999999999,-0.029999999999999805,180239.0,0,79.0,10,19,0,0,1,13,0,0,0,12,12,0,3,1,5,0,0,0,0
315.0,48.5,88.86,5.629999999999998,180239.0,1,81.5,12,22,0,0,3,11,0,1,0,12,11,0,2,0,5,1,0,0,0
283.0,50.400000000000006,152.84,2.45,180240.0,1,89.5,11,51,2,0,5,6,2,1,0,20,15,0,1,0,0,1,0,1,1
290.0,19.700000000000003,103.86999999999999,1.9700000000000002,180240.0,0,67.5,14,26,1,1,4,2,1,2,0,3,11,0,1,0,0,2,0,2,-1
265.0,15.9,68.62999999999998,-10.159999999999997,180241.0,1,77.0,8,29,1,0,8,10,1,2,0,8,12,1,1,1,0,1,0,2,-1
293.0,41.699999999999996,78.82,0.08999999999999986,180241.0,0,71.0,10,26,1,0,2,7,1,1,0,8,9,0,0,0,0,6,0,1,1
285.0,19.0,121.11999999999999,-5.449999999999999,180242.0,1,75.5,13,30,1,0,4,5,2,0,0,5,11,0,4,0,-1,0,0,1,1
282.0,17.700000000000003,69.11000000000001,-1.8200000000000003,180242.0,0,77.0,11,36,0,0,2,5,1,3,0,10,16,0,0,0,0,2,0,2,-1
316.0,53.900000000000006,64.11,-0.5700000000000007,180243.0,1,83.0,6,29,1,0,4,3,2,3,0,10,14,0,2,0,5,1,0,0,1
287.0,4.899999999999999,74.63,-2.8200000000000003,180243.0,0,60.0,14,26,0,0,2,5,0,0,0,6,6,0,3,0,0,1,0,2,-1
315.0,95.5,104.17999999999998,6.460000000000002,180244.0,1,87.5,13,37,2,0,5,11,2,0,0,22,16,0,2,0,6,2,0,0,1
263.0,38.199999999999996,78.01000000000002,2.58,180244.0,0,69.5,16,24,0,0,4,3,0,1,0,24,14,0,2,0,0,2,0,2,-1
263.0,21.599999999999998,70.61,-4.5600000000000005,180245.0,1,70.5,19,35,0,0,1,6,1,1,0,7,12,0,0,0,0,2,0,1,0
292.0,25.9,91.50999999999999,2.6299999999999994,180245.0,0,77.5,11,25,1,1,4,6,1,3,0,11,20,0,1,0,0,0,0,1,0
266.0,27.3,130.83999999999997,-1.0800000000000003,180246.0,1,82.0,15,21,1,0,2,2,4,3,0,6,18,0,5,0,0,0,0,2,1
288.0,32.50000000000001,73.32000000000001,-7.31,180246.0,0,69.5,18,13,2,0,2,7,2,6,0,10,15,0,4,1,0,3,0,4,-1
265.0,36.0,63.86,4.16,180247.0,0,79.0,22,42,1,0,3,6,1,0,0,17,13,0,2,0,0,1,0,2,-1
276.0,37.900000000000006,139.33,3.84,180247.0,1,84.0,11,31,1,0,5,6,2,4,0,20,23,0,5,0,0,1,0,1,1
277.0,38.400000000000006,139.48999999999998,-1.7199999999999993,180248.0,0,81.5,19,28,3,0,4,2,3,2,0,7,20,0,6,0,0,2,0,1,1
275.0,16.5,118.84,-3.97,180248.0,1,69.0,19,44,1,0,6,6,1,0,0,10,22,0,3,0,0,1,0,3,-1
262.0,30.400000000000002,98.4,-4.94,180249.0,0,81.0,7,50,1,0,2,1,1,7,0,21,12,0,1,0,0,2,0,2,-1
293.0,37.89999999999999,97.35000000000001,-6.550000000000002,180249.0,1,75.5,11,35,0,0,4,6,2,1,0,16,8,0,1,0,0,0,0,1,1
282.0,58.599999999999994,119.46000000000001,2.7699999999999996,180250.0,1,91.5,17,27,1,0,5,4,1,5,0,12,17,0,0,0,5,1,0,0,1
315.0,9.9,75.03,-10.01,180250.0,0,76.0,16,42,0,0,2,9,0,4,0,11,19,0,1,0,0,1,0,1,-1
283.0,57.8,146.45,8.08,180251.0,0,74.5,12,17,1,0,6,5,1,1,0,12,19,0,2,0,5,1,0,0,1
287.0,23.599999999999994,80.74000000000001,2.7499999999999996,180251.0,1,71.5,21,24,0,0,4,2,0,0,0,12,13,0,3,0,0,3,0,1,-1
264.0,42.900000000000006,164.25,0.21999999999999953,180252.0,0,82.0,17,19,2,0,0,2,2,4,0,16,19,0,5,0,0,3,0,1,1
285.0,17.799999999999997,142.77999999999997,-4.480000000000001,180252.0,1,78.5,18,25,0,1,4,7,1,2,0,12,19,0,5,0,0,0,0,2,-1
316.0,77.60000000000001,75.17,14.430000000000001,180253.0,1,93.0,13,25,2,1,4,6,4,2,0,12,19,0,4,0,4,1,0,0,1
294.0,14.0,94.56,-0.08999999999999997,180253.0,0,59.5,18,26,0,0,4,1,0,3,0,13,15,0,3,0,0,3,0,4,-1
290.0,39.1,93.11,-2.16,180254.0,1,67.5,14,29,0,0,4,4,0,0,0,10,14,0,3,0,6,0,0,0,0
284.0,25.7,97.27999999999999,4.95,180254.0,0,73.5,13,31,0,0,1,1,0,2,0,9,19,0,2,0,4,2,0,0,0
